1,2020,81.7083,290.80,271.06,85.92,-20.00,-19.95,-26.82,-19.06,83.50,91.10,6.90,7.30,74.30,129.80,753.90,2.34,2.30,999.00,999.00,999.00,-5.60,-6.44,9317.00,-8.97,-5.12,999.00,-15.47,999.00,386.00,17.98,13.60,-19.13,-19.10,-20.30,-20.26,8.49,9.21,0.71,0.73,-18.37
1,2020,81.7083,290.80,271.06,85.92,-20.00,-19.95,-26.82,-19.06,83.50,91.10,6.90,7.30,74.30,129.80,753.90,2.34,2.30,999.00,999.00,999.00,-5.60,-6.44,9317.00,-8.97,-5.12,999.00,-15.47,999.00,386.00,17.98,13.60,-19.13,-19.10,-20.30,-20.26,8.49,9.21,0.71,0.73,-18.37
1,2020,81.7083,290.80,271.06,85.92,-20.00,-19.95,-26.82,-19.06,83.50,91.10,6.90,7.30,74.30,129.80,753.90,2.34,2.30,999.00,999.00,999.00,-5.60,-6.44,9317.00,-8.97,-5.12,999.00,-15.47,999.00,386.00,17.98,13.60,-19.13,-19.10,-20.30,-20.26,8.49,9.21,0.71,0.73,-18.37
1,2020,81.7083,290.80,271.06,85.92,-20.00,-19.95,-26.82,-19.06,83.50,91.10,6.90,7.30,74.30,129.80,753.90,2.34,2.30,999.00,999.00,999.00,-5.60,-6.44,9317.00,-8.97,-5.12,999.00,-15.47,999.00,386.00,17.98,13.60,-19.13,-19.10,-20.30,-20.26,8.49,9.21,0.71,0.73,-18.37
1,2020,81.7083,290.80,271.06,85.92,-20.00,-19.95,-26.82,-19.06,83.50,91.10,6.90,7.30,74.30,129.80,753.90,2.34,2.30,999.00,999.00,999.00,-5.60,-6.44,9317.00,-8.97,-5.12,999.00,-15.47,999.00,386.00,17.98,13.60,-19.13,-19.10,-20.30,-20.26,8.49,9.21,0.71,0.73,-18.37
1,2020,81.7083,290.80,271.06,85.92,-20.00,-19.95,-26.82,-19.06,83.50,91.10,6.90,7.30,74.30,129.80,753.90,2.34,2.30,999.00,999.00,999.00,-5.60,-6.44,9317.00,-8.97,-5.12,999.00,-15.47,999.00,386.00,17.98,13.60,-19.13,-19.10,-20.30,-20.26,8.49,9.21,0.71,0.73,-18.37
1,2020,81.7083,290.80,271.06,85.92,-20.00,-19.95,-26.82,-19.06,83.50,91.10,6.90,7.30,74.30,129.80,753.90,2.34,2.30,999.00,999.00,999.00,-5.60,-6.44,9317.00,-8.97,-5.12,999.00,-15.47,999.00,386.00,17.98,13.60,-19.13,-19.10,-20.30,-20.26,8.49,9.21,0.71,0.73,-18.37
1,2020,81.7083,290.80,271.06,85.92,-20.00,-19.95,-26.82,-19.06,83.50,91.10,6.90,7.30,74.30,129.80,753.90,2.34,2.30,999.00,999.00,999.00,-5.60,-6.44,9317.00,-8.97,-5.12,999.00,-15.47,999.00,386.00,17.98,13.60,-19.13,-19.10,-20.30,-20.26,8.49,9.21,0.71,0.73,-18.37
1,2020,81.7083,290.80,271.06,85.92,-20.00,-19.95,-26.82,-19.06,83.50,91.10,6.90,7.30,74.30,129.80,753.90,2.34,2.30,999.00,999.00,999.00,-5.60,-6.44,9317.00,-8.97,-5.12,999.00,-15.47,999.00,386.00,17.98,13.60,-19.13,-19.10,-20.30,-20.26,8.49,9.21,0.71,0.73,-18.37
1,2020,81.7083,290.80,271.06,85.92,-20.00,-19.95,-26.82,-19.06,83.50,91.10,6.90,7.30,74.30,129.80,753.90,2.34,2.30,999.00,999.00,999.00,-5.60,-6.44,9317.00,-8.97,-5.12,999.00,-15.47,999.00,386.00,17.98,13.60,-19.13,-19.10,-20.30,-20.26,8.49,9.21,0.71,0.73,-18.37
1,2020,81.7083,290.80,271.06,85.92,-20.00,-19.95,-26.82,-19.06,83.50,91.10,6.90,7.30,74.30,129.80,753.90,2.34,2.30,999.00,999.00,999.00,-5.60,-6.44,9317.00,-8.97,-5.12,999.00,-15.47,999.00,386.00,17.98,13.60,-19.13,-19.10,-20.30,-20.26,8.49,9.21,0.71,0.73,-18.37
1,2020,81.7500,338.00,331.32,68.80,-18.94,-18.90,-26.85,-17.96,83.50,90.70,7.20,7.60,100.70,140.90,753.10,2.33,2.30,999.00,999.00,999.00,-5.62,-6.46,9342.00,-9.00,-5.17,999.00,-15.47,999.00,406.00,14.38,8.80,-18.60,-18.54,-19.20,-19.18,8.51,8.76,0.50,0.51,-17.62
1,2020,81.7917,235.80,242.16,43.68,-19.49,-19.43,-26.82,-18.63,85.80,92.80,5.90,6.30,113.00,144.50,753.30,2.34,2.30,999.00,999.00,999.00,-5.58,-6.41,9281.00,-8.92,-5.07,999.00,-15.44,999.00,258.00,4.31,4.80,-18.98,-18.94,-20.08,-19.92,7.17,7.53,0.52,0.54,-17.63
1,2020,81.8333,134.60,142.22,38.56,-20.71,-20.59,-26.82,-19.82,86.20,92.70,5.60,6.00,77.70,132.10,753.90,2.34,2.31,999.00,999.00,999.00,-5.56,-6.38,9252.00,-8.88,-5.00,999.00,-15.43,999.00,236.00,21.57,3.20,-20.08,-19.95,-21.46,-21.36,6.66,7.03,0.34,0.38,-18.47
1,2020,81.8333,134.60,142.22,38.56,-20.71,-20.59,-26.82,-19.82,86.20,92.70,5.60,6.00,77.70,132.10,753.90,2.34,2.31,999.00,999.00,999.00,-5.56,-6.38,9252.00,-8.88,-5.00,999.00,-15.43,999.00,236.00,21.57,3.20,-20.08,-19.95,-21.46,-21.36,6.66,7.03,0.34,0.38,-18.47
1,2020,81.8333,134.60,142.22,38.56,-20.71,-20.59,-26.82,-19.82,86.20,92.70,5.60,6.00,77.70,132.10,753.90,2.34,2.31,999.00,999.00,999.00,-5.56,-6.38,9252.00,-8.88,-5.00,999.00,-15.43,999.00,236.00,21.57,3.20,-20.08,-19.95,-21.46,-21.36,6.66,7.03,0.34,0.38,-18.47
1,2020,81.8333,134.60,142.22,38.56,-20.71,-20.59,-26.82,-19.82,86.20,92.70,5.60,6.00,77.70,132.10,753.90,2.34,2.31,999.00,999.00,999.00,-5.56,-6.38,9252.00,-8.88,-5.00,999.00,-15.43,999.00,236.00,21.57,3.20,-20.08,-19.95,-21.46,-21.36,6.66,7.03,0.34,0.38,-18.47
1,2020,81.8333,134.60,142.22,38.56,-20.71,-20.59,-26.82,-19.82,86.20,92.70,5.60,6.00,77.70,132.10,753.90,2.34,2.31,999.00,999.00,999.00,-5.56,-6.38,9252.00,-8.88,-5.00,999.00,-15.43,999.00,236.00,21.57,3.20,-20.08,-19.95,-21.46,-21.36,6.66,7.03,0.34,0.38,-18.47
1,2020,81.8333,134.60,142.22,38.56,-20.71,-20.59,-26.82,-19.82,86.20,92.70,5.60,6.00,77.70,132.10,753.90,2.34,2.31,999.00,999.00,999.00,-5.56,-6.38,9252.00,-8.88,-5.00,999.00,-15.43,999.00,236.00,21.57,3.20,-20.08,-19.95,-21.46,-21.36,6.66,7.03,0.34,0.38,-18.47
1,2020,81.8333,134.60,142.22,38.56,-20.71,-20.59,-26.82,-19.82,86.20,92.70,5.60,6.00,77.70,132.10,753.90,2.34,2.31,999.00,999.00,999.00,-5.56,-6.38,9252.00,-8.88,-5.00,999.00,-15.43,999.00,236.00,21.57,3.20,-20.08,-19.95,-21.46,-21.36,6.66,7.03,0.34,0.38,-18.47
1,2020,81.8333,134.60,142.22,38.56,-20.71,-20.59,-26.82,-19.82,86.20,92.70,5.60,6.00,77.70,132.10,753.90,2.34,2.31,999.00,999.00,999.00,-5.56,-6.38,9252.00,-8.88,-5.00,999.00,-15.43,999.00,236.00,21.57,3.20,-20.08,-19.95,-21.46,-21.36,6.66,7.03,0.34,0.38,-18.47
1,2020,81.8333,134.60,142.22,38.56,-20.71,-20.59,-26.82,-19.82,86.20,92.70,5.60,6.00,77.70,132.10,753.90,2.34,2.31,999.00,999.00,999.00,-5.56,-6.38,9252.00,-8.88,-5.00,999.00,-15.43,999.00,236.00,21.57,3.20,-20.08,-19.95,-21.46,-21.36,6.66,7.03,0.34,0.38,-18.47
1,2020,81.8333,134.60,142.22,38.56,-20.71,-20.59,-26.82,-19.82,86.20,92.70,5.60,6.00,77.70,132.10,753.90,2.34,2.31,999.00,999.00,999.00,-5.56,-6.38,9252.00,-8.88,-5.00,999.00,-15.43,999.00,236.00,21.57,3.20,-20.08,-19.95,-21.46,-21.36,6.66,7.03,0.34,0.38,-18.47
1,2020,81.8750,54.20,60.11,32.00,-22.34,-22.19,-26.82,-21.66,85.60,93.10,5.60,6.10,69.50,130.80,756.00,2.35,2.32,999.00,999.00,999.00,-5.57,-6.37,9234.00,-8.85,-4.94,999.00,-15.46,999.00,92.00,8.63,4.80,-21.50,-21.36,-23.37,-23.22,6.65,7.17,0.38,0.40,-20.79
1,2020,81.9167,10.00,9.85,27.60,-23.21,-23.10,-26.81,-22.85,83.40,91.10,6.60,7.10,41.00,122.30,760.70,2.35,2.32,999.00,999.00,999.00,-5.61,-6.42,9282.00,-8.91,-5.01,999.00,-15.49,999.00,20.00,1.44,4.80,-22.70,-22.59,-23.65,-23.54,8.43,9.07,0.71,0.73,-23.03
1,2020,81.9583,1.00,0.50,31.12,-24.28,-24.20,-26.81,-23.90,81.50,88.90,7.60,8.10,37.10,116.70,764.20,2.36,2.32,999.00,999.00,999.00,-5.64,-6.45,9320.00,-8.95,-5.06,999.00,-15.51,999.00,2.00,0.00,4.00,-23.22,-23.16,-24.91,-24.83,9.38,9.96,0.80,0.83,-24.25
1,2020,81.9583,1.00,0.50,31.12,-24.28,-24.20,-26.81,-23.90,81.50,88.90,7.60,8.10,37.10,116.70,764.20,2.36,2.32,999.00,999.00,999.00,-5.64,-6.45,9320.00,-8.95,-5.06,999.00,-15.51,999.00,2.00,0.00,4.00,-23.22,-23.16,-24.91,-24.83,9.38,9.96,0.80,0.83,-24.25
1,2020,81.9583,1.00,0.50,31.12,-24.28,-24.20,-26.81,-23.90,81.50,88.90,7.60,8.10,37.10,116.70,764.20,2.36,2.32,999.00,999.00,999.00,-5.64,-6.45,9320.00,-8.95,-5.06,999.00,-15.51,999.00,2.00,0.00,4.00,-23.22,-23.16,-24.91,-24.83,9.38,9.96,0.80,0.83,-24.25
1,2020,81.9583,1.00,0.50,31.12,-24.28,-24.20,-26.81,-23.90,81.50,88.90,7.60,8.10,37.10,116.70,764.20,2.36,2.32,999.00,999.00,999.00,-5.64,-6.45,9320.00,-8.95,-5.06,999.00,-15.51,999.00,2.00,0.00,4.00,-23.22,-23.16,-24.91,-24.83,9.38,9.96,0.80,0.83,-24.25
1,2020,81.9583,1.00,0.50,31.12,-24.28,-24.20,-26.81,-23.90,81.50,88.90,7.60,8.10,37.10,116.70,764.20,2.36,2.32,999.00,999.00,999.00,-5.64,-6.45,9320.00,-8.95,-5.06,999.00,-15.51,999.00,2.00,0.00,4.00,-23.22,-23.16,-24.91,-24.83,9.38,9.96,0.80,0.83,-24.25
1,2020,81.9583,1.00,0.50,31.12,-24.28,-24.20,-26.81,-23.90,81.50,88.90,7.60,8.10,37.10,116.70,764.20,2.36,2.32,999.00,999.00,999.00,-5.64,-6.45,9320.00,-8.95,-5.06,999.00,-15.51,999.00,2.00,0.00,4.00,-23.22,-23.16,-24.91,-24.83,9.38,9.96,0.80,0.83,-24.25
1,2020,81.9583,1.00,0.50,31.12,-24.28,-24.20,-26.81,-23.90,81.50,88.90,7.60,8.10,37.10,116.70,764.20,2.36,2.32,999.00,999.00,999.00,-5.64,-6.45,9320.00,-8.95,-5.06,999.00,-15.51,999.00,2.00,0.00,4.00,-23.22,-23.16,-24.91,-24.83,9.38,9.96,0.80,0.83,-24.25
1,2020,81.9583,1.00,0.50,31.12,-24.28,-24.20,-26.81,-23.90,81.50,88.90,7.60,8.10,37.10,116.70,764.20,2.36,2.32,999.00,999.00,999.00,-5.64,-6.45,9320.00,-8.95,-5.06,999.00,-15.51,999.00,2.00,0.00,4.00,-23.22,-23.16,-24.91,-24.83,9.38,9.96,0.80,0.83,-24.25
1,2020,81.9583,1.00,0.50,31.12,-24.28,-24.20,-26.81,-23.90,81.50,88.90,7.60,8.10,37.10,116.70,764.20,2.36,2.32,999.00,999.00,999.00,-5.64,-6.45,9320.00,-8.95,-5.06,999.00,-15.51,999.00,2.00,0.00,4.00,-23.22,-23.16,-24.91,-24.83,9.38,9.96,0.80,0.83,-24.25
1,2020,81.9583,1.00,0.50,31.12,-24.28,-24.20,-26.81,-23.90,81.50,88.90,7.60,8.10,37.10,116.70,764.20,2.36,2.32,999.00,999.00,999.00,-5.64,-6.45,9320.00,-8.95,-5.06,999.00,-15.51,999.00,2.00,0.00,4.00,-23.22,-23.16,-24.91,-24.83,9.38,9.96,0.80,0.83,-24.25
1,2020,81.9583,1.00,0.50,31.12,-24.28,-24.20,-26.81,-23.90,81.50,88.90,7.60,8.10,37.10,116.70,764.20,2.36,2.32,999.00,999.00,999.00,-5.64,-6.45,9320.00,-8.95,-5.06,999.00,-15.51,999.00,2.00,0.00,4.00,-23.22,-23.16,-24.91,-24.83,9.38,9.96,0.80,0.83,-24.25
1,2020,82.0000,0.40,0.00,31.12,-25.31,-25.24,-26.81,-24.98,82.20,89.40,8.60,9.10,34.80,111.00,762.80,2.36,2.33,999.00,999.00,999.00,-5.65,-6.47,9338.00,-8.97,-5.08,999.00,-15.52,999.00,0.00,0.00,3.20,-24.80,-24.76,-25.66,-25.57,10.06,10.63,0.60,0.62,-25.37
1,2020,82.0417,0.40,0.00,31.28,-25.98,-25.93,-26.81,-25.70,82.40,89.90,10.00,10.60,36.50,109.50,761.60,2.37,2.33,999.00,999.00,999.00,-5.67,-6.49,9357.00,-8.99,-5.11,999.00,-15.52,999.00,0.00,0.00,3.20,-25.39,-25.39,-26.42,-26.37,11.88,12.55,0.63,0.66,-26.17
1,2020,82.0833,0.40,0.00,31.84,-26.57,-26.51,-26.80,-26.26,81.80,89.30,9.50,10.10,41.30,108.30,763.20,2.37,2.33,999.00,999.00,999.00,-5.67,-6.49,9367.00,-9.00,-5.12,999.00,-15.51,999.00,0.00,0.00,3.20,-25.80,-25.72,-27.19,-27.13,11.54,12.20,0.61,0.63,-26.68
1,2020,82.0833,0.40,0.00,31.84,-26.57,-26.51,-26.80,-26.26,81.80,89.30,9.50,10.10,41.30,108.30,763.20,2.37,2.33,999.00,999.00,999.00,-5.67,-6.49,9367.00,-9.00,-5.12,999.00,-15.51,999.00,0.00,0.00,3.20,-25.80,-25.72,-27.19,-27.13,11.54,12.20,0.61,0.63,-26.68
1,2020,82.0833,0.40,0.00,31.84,-26.57,-26.51,-26.80,-26.26,81.80,89.30,9.50,10.10,41.30,108.30,763.20,2.37,2.33,999.00,999.00,999.00,-5.67,-6.49,9367.00,-9.00,-5.12,999.00,-15.51,999.00,0.00,0.00,3.20,-25.80,-25.72,-27.19,-27.13,11.54,12.20,0.61,0.63,-26.68
1,2020,82.0833,0.40,0.00,31.84,-26.57,-26.51,-26.80,-26.26,81.80,89.30,9.50,10.10,41.30,108.30,763.20,2.37,2.33,999.00,999.00,999.00,-5.67,-6.49,9367.00,-9.00,-5.12,999.00,-15.51,999.00,0.00,0.00,3.20,-25.80,-25.72,-27.19,-27.13,11.54,12.20,0.61,0.63,-26.68
1,2020,82.0833,0.40,0.00,31.84,-26.57,-26.51,-26.80,-26.26,81.80,89.30,9.50,10.10,41.30,108.30,763.20,2.37,2.33,999.00,999.00,999.00,-5.67,-6.49,9367.00,-9.00,-5.12,999.00,-15.51,999.00,0.00,0.00,3.20,-25.80,-25.72,-27.19,-27.13,11.54,12.20,0.61,0.63,-26.68
1,2020,82.0833,0.40,0.00,31.84,-26.57,-26.51,-26.80,-26.26,81.80,89.30,9.50,10.10,41.30,108.30,763.20,2.37,2.33,999.00,999.00,999.00,-5.67,-6.49,9367.00,-9.00,-5.12,999.00,-15.51,999.00,0.00,0.00,3.20,-25.80,-25.72,-27.19,-27.13,11.54,12.20,0.61,0.63,-26.68
1,2020,82.0833,0.40,0.00,31.84,-26.57,-26.51,-26.80,-26.26,81.80,89.30,9.50,10.10,41.30,108.30,763.20,2.37,2.33,999.00,999.00,999.00,-5.67,-6.49,9367.00,-9.00,-5.12,999.00,-15.51,999.00,0.00,0.00,3.20,-25.80,-25.72,-27.19,-27.13,11.54,12.20,0.61,0.63,-26.68
1,2020,82.0833,0.40,0.00,31.84,-26.57,-26.51,-26.80,-26.26,81.80,89.30,9.50,10.10,41.30,108.30,763.20,2.37,2.33,999.00,999.00,999.00,-5.67,-6.49,9367.00,-9.00,-5.12,999.00,-15.51,999.00,0.00,0.00,3.20,-25.80,-25.72,-27.19,-27.13,11.54,12.20,0.61,0.63,-26.68
1,2020,82.0833,0.40,0.00,31.84,-26.57,-26.51,-26.80,-26.26,81.80,89.30,9.50,10.10,41.30,108.30,763.20,2.37,2.33,999.00,999.00,999.00,-5.67,-6.49,9367.00,-9.00,-5.12,999.00,-15.51,999.00,0.00,0.00,3.20,-25.80,-25.72,-27.19,-27.13,11.54,12.20,0.61,0.63,-26.68
1,2020,82.0833,0.40,0.00,31.84,-26.57,-26.51,-26.80,-26.26,81.80,89.30,9.50,10.10,41.30,108.30,763.20,2.37,2.33,999.00,999.00,999.00,-5.67,-6.49,9367.00,-9.00,-5.12,999.00,-15.51,999.00,0.00,0.00,3.20,-25.80,-25.72,-27.19,-27.13,11.54,12.20,0.61,0.63,-26.68
1,2020,82.1250,0.40,0.00,30.48,-26.94,-26.89,-26.80,-26.67,82.30,90.10,10.20,10.80,31.40,109.30,760.90,2.37,2.33,999.00,999.00,999.00,-5.69,-6.51,9387.00,-9.02,-5.14,999.00,-15.52,999.00,0.00,0.00,4.00,-26.63,-26.54,-27.20,-27.15,12.34,13.07,0.81,0.84,-27.32
1,2020,82.1667,0.40,0.00,31.20,-27.03,-26.97,-26.80,-26.77,82.30,90.10,10.60,11.20,34.50,110.40,760.20,2.37,2.33,999.00,999.00,999.00,-5.69,-6.52,9403.00,-9.04,-5.16,999.00,-15.51,999.00,0.00,0.00,3.20,-26.72,-26.64,-27.37,-27.27,12.03,12.71,0.73,0.75,-27.49
1,2020,82.2083,0.40,0.00,31.68,-27.05,-26.99,-26.80,-26.76,82.20,90.00,9.80,10.30,31.90,109.60,763.00,2.37,2.33,999.00,999.00,999.00,-5.70,-6.52,9406.00,-9.05,-5.17,999.00,-15.51,999.00,0.00,0.00,3.20,-26.72,-26.71,-27.36,-27.27,11.00,11.62,0.62,0.65,-27.62
1,2020,82.2083,0.40,0.00,31.68,-27.05,-26.99,-26.80,-26.76,82.20,90.00,9.80,10.30,31.90,109.60,763.00,2.37,2.33,999.00,999.00,999.00,-5.70,-6.52,9406.00,-9.05,-5.17,999.00,-15.51,999.00,0.00,0.00,3.20,-26.72,-26.71,-27.36,-27.27,11.00,11.62,0.62,0.65,-27.62
1,2020,82.2083,0.40,0.00,31.68,-27.05,-26.99,-26.80,-26.76,82.20,90.00,9.80,10.30,31.90,109.60,763.00,2.37,2.33,999.00,999.00,999.00,-5.70,-6.52,9406.00,-9.05,-5.17,999.00,-15.51,999.00,0.00,0.00,3.20,-26.72,-26.71,-27.36,-27.27,11.00,11.62,0.62,0.65,-27.62
1,2020,82.2083,0.40,0.00,31.68,-27.05,-26.99,-26.80,-26.76,82.20,90.00,9.80,10.30,31.90,109.60,763.00,2.37,2.33,999.00,999.00,999.00,-5.70,-6.52,9406.00,-9.05,-5.17,999.00,-15.51,999.00,0.00,0.00,3.20,-26.72,-26.71,-27.36,-27.27,11.00,11.62,0.62,0.65,-27.62
1,2020,82.2083,0.40,0.00,31.68,-27.05,-26.99,-26.80,-26.76,82.20,90.00,9.80,10.30,31.90,109.60,763.00,2.37,2.33,999.00,999.00,999.00,-5.70,-6.52,9406.00,-9.05,-5.17,999.00,-15.51,999.00,0.00,0.00,3.20,-26.72,-26.71,-27.36,-27.27,11.00,11.62,0.62,0.65,-27.62
1,2020,82.2083,0.40,0.00,31.68,-27.05,-26.99,-26.80,-26.76,82.20,90.00,9.80,10.30,31.90,109.60,763.00,2.37,2.33,999.00,999.00,999.00,-5.70,-6.52,9406.00,-9.05,-5.17,999.00,-15.51,999.00,0.00,0.00,3.20,-26.72,-26.71,-27.36,-27.27,11.00,11.62,0.62,0.65,-27.62
1,2020,82.2083,0.40,0.00,31.68,-27.05,-26.99,-26.80,-26.76,82.20,90.00,9.80,10.30,31.90,109.60,763.00,2.37,2.33,999.00,999.00,999.00,-5.70,-6.52,9406.00,-9.05,-5.17,999.00,-15.51,999.00,0.00,0.00,3.20,-26.72,-26.71,-27.36,-27.27,11.00,11.62,0.62,0.65,-27.62
1,2020,82.2083,0.40,0.00,31.68,-27.05,-26.99,-26.80,-26.76,82.20,90.00,9.80,10.30,31.90,109.60,763.00,2.37,2.33,999.00,999.00,999.00,-5.70,-6.52,9406.00,-9.05,-5.17,999.00,-15.51,999.00,0.00,0.00,3.20,-26.72,-26.71,-27.36,-27.27,11.00,11.62,0.62,0.65,-27.62
1,2020,82.2083,0.40,0.00,31.68,-27.05,-26.99,-26.80,-26.76,82.20,90.00,9.80,10.30,31.90,109.60,763.00,2.37,2.33,999.00,999.00,999.00,-5.70,-6.52,9406.00,-9.05,-5.17,999.00,-15.51,999.00,0.00,0.00,3.20,-26.72,-26.71,-27.36,-27.27,11.00,11.62,0.62,0.65,-27.62
1,2020,82.2083,0.40,0.00,31.68,-27.05,-26.99,-26.80,-26.76,82.20,90.00,9.80,10.30,31.90,109.60,763.00,2.37,2.33,999.00,999.00,999.00,-5.70,-6.52,9406.00,-9.05,-5.17,999.00,-15.51,999.00,0.00,0.00,3.20,-26.72,-26.71,-27.36,-27.27,11.00,11.62,0.62,0.65,-27.62
1,2020,82.2500,0.40,0.00,32.56,-27.14,-27.07,-26.80,-26.84,81.80,89.40,10.00,10.60,38.90,103.30,761.40,2.37,2.33,999.00,999.00,999.00,-5.70,-6.52,9406.00,-9.04,-5.17,999.00,-15.50,999.00,0.00,0.00,2.40,-26.78,-26.75,-27.47,-27.40,11.81,12.62,0.66,0.69,-27.63
1,2020,82.2917,0.40,0.00,32.00,-26.87,-26.80,-26.80,-26.57,82.00,89.50,10.80,11.40,44.70,102.10,755.50,2.37,2.33,999.00,999.00,999.00,-5.71,-6.53,9419.00,-9.06,-5.18,999.00,-15.51,999.00,0.00,0.00,3.20,-26.31,-26.31,-27.18,-27.14,13.33,14.16,1.31,1.36,-27.62
1,2020,82.3333,0.40,0.14,34.88,-26.63,-26.56,-26.80,-26.28,81.20,88.40,12.50,13.20,43.60,99.30,743.00,2.37,2.33,999.00,999.00,999.00,-5.72,-6.51,9426.00,-9.05,-5.19,999.00,-15.49,999.00,0.00,0.00,3.20,-26.24,-26.18,-27.15,-27.10,14.33,15.19,0.70,0.72,-27.24
1,2020,82.3333,0.40,0.14,34.88,-26.63,-26.56,-26.80,-26.28,81.20,88.40,12.50,13.20,43.60,99.30,743.00,2.37,2.33,999.00,999.00,999.00,-5.72,-6.51,9426.00,-9.05,-5.19,999.00,-15.49,999.00,0.00,0.00,3.20,-26.24,-26.18,-27.15,-27.10,14.33,15.19,0.70,0.72,-27.24
1,2020,82.3333,0.40,0.14,34.88,-26.63,-26.56,-26.80,-26.28,81.20,88.40,12.50,13.20,43.60,99.30,743.00,2.37,2.33,999.00,999.00,999.00,-5.72,-6.51,9426.00,-9.05,-5.19,999.00,-15.49,999.00,0.00,0.00,3.20,-26.24,-26.18,-27.15,-27.10,14.33,15.19,0.70,0.72,-27.24
1,2020,82.3333,0.40,0.14,34.88,-26.63,-26.56,-26.80,-26.28,81.20,88.40,12.50,13.20,43.60,99.30,743.00,2.37,2.33,999.00,999.00,999.00,-5.72,-6.51,9426.00,-9.05,-5.19,999.00,-15.49,999.00,0.00,0.00,3.20,-26.24,-26.18,-27.15,-27.10,14.33,15.19,0.70,0.72,-27.24
1,2020,82.3333,0.40,0.14,34.88,-26.63,-26.56,-26.80,-26.28,81.20,88.40,12.50,13.20,43.60,99.30,743.00,2.37,2.33,999.00,999.00,999.00,-5.72,-6.51,9426.00,-9.05,-5.19,999.00,-15.49,999.00,0.00,0.00,3.20,-26.24,-26.18,-27.15,-27.10,14.33,15.19,0.70,0.72,-27.24
1,2020,82.3333,0.40,0.14,34.88,-26.63,-26.56,-26.80,-26.28,81.20,88.40,12.50,13.20,43.60,99.30,743.00,2.37,2.33,999.00,999.00,999.00,-5.72,-6.51,9426.00,-9.05,-5.19,999.00,-15.49,999.00,0.00,0.00,3.20,-26.24,-26.18,-27.15,-27.10,14.33,15.19,0.70,0.72,-27.24
1,2020,82.3333,0.40,0.14,34.88,-26.63,-26.56,-26.80,-26.28,81.20,88.40,12.50,13.20,43.60,99.30,743.00,2.37,2.33,999.00,999.00,999.00,-5.72,-6.51,9426.00,-9.05,-5.19,999.00,-15.49,999.00,0.00,0.00,3.20,-26.24,-26.18,-27.15,-27.10,14.33,15.19,0.70,0.72,-27.24
1,2020,82.3333,0.40,0.14,34.88,-26.63,-26.56,-26.80,-26.28,81.20,88.40,12.50,13.20,43.60,99.30,743.00,2.37,2.33,999.00,999.00,999.00,-5.72,-6.51,9426.00,-9.05,-5.19,999.00,-15.49,999.00,0.00,0.00,3.20,-26.24,-26.18,-27.15,-27.10,14.33,15.19,0.70,0.72,-27.24
1,2020,82.3333,0.40,0.14,34.88,-26.63,-26.56,-26.80,-26.28,81.20,88.40,12.50,13.20,43.60,99.30,743.00,2.37,2.33,999.00,999.00,999.00,-5.72,-6.51,9426.00,-9.05,-5.19,999.00,-15.49,999.00,0.00,0.00,3.20,-26.24,-26.18,-27.15,-27.10,14.33,15.19,0.70,0.72,-27.24
1,2020,82.3333,0.40,0.14,34.88,-26.63,-26.56,-26.80,-26.28,81.20,88.40,12.50,13.20,43.60,99.30,743.00,2.37,2.33,999.00,999.00,999.00,-5.72,-6.51,9426.00,-9.05,-5.19,999.00,-15.49,999.00,0.00,0.00,3.20,-26.24,-26.18,-27.15,-27.10,14.33,15.19,0.70,0.72,-27.24
1,2020,82.3333,0.40,0.14,34.88,-26.63,-26.56,-26.80,-26.28,81.20,88.40,12.50,13.20,43.60,99.30,743.00,2.37,2.33,999.00,999.00,999.00,-5.72,-6.51,9426.00,-9.05,-5.19,999.00,-15.49,999.00,0.00,0.00,3.20,-26.24,-26.18,-27.15,-27.10,14.33,15.19,0.70,0.72,-27.24
1,2020,82.3750,1.00,0.86,33.20,-27.53,-27.49,-26.83,-27.21,80.90,88.20,12.10,12.80,57.40,96.00,740.90,2.37,2.33,999.00,999.00,999.00,-5.70,-6.50,9404.00,-9.02,-5.13,999.00,-15.48,999.00,4.00,0.00,3.20,-26.77,-26.75,-28.32,-28.24,14.07,15.01,1.10,1.16,-27.40
1,2020,82.4167,19.80,12.94,46.72,-28.34,-28.35,-27.11,-27.96,80.60,87.90,11.90,12.50,57.90,95.20,743.60,2.37,2.34,999.00,999.00,999.00,-5.72,-6.53,9424.00,-9.05,-5.16,999.00,-15.50,999.00,50.00,4.31,12.00,-27.77,-27.76,-28.79,-28.79,14.17,14.73,0.93,0.97,-28.19
1,2020,82.4583,88.20,55.51,89.68,-28.17,-28.19,-27.04,-27.70,80.00,87.40,12.70,13.40,74.70,91.00,717.90,2.38,2.34,999.00,999.00,999.00,-5.73,-6.54,9448.00,-9.06,-5.21,999.00,-15.66,999.00,142.00,10.07,14.40,-26.97,-26.93,-28.88,-28.93,14.39,15.31,0.69,0.71,-28.41
1,2020,82.4583,88.20,55.51,89.68,-28.17,-28.19,-27.04,-27.70,80.00,87.40,12.70,13.40,74.70,91.00,717.90,2.38,2.34,999.00,999.00,999.00,-5.73,-6.54,9448.00,-9.06,-5.21,999.00,-15.66,999.00,142.00,10.07,14.40,-26.97,-26.93,-28.88,-28.93,14.39,15.31,0.69,0.71,-28.41
1,2020,82.4583,88.20,55.51,89.68,-28.17,-28.19,-27.04,-27.70,80.00,87.40,12.70,13.40,74.70,91.00,717.90,2.38,2.34,999.00,999.00,999.00,-5.73,-6.54,9448.00,-9.06,-5.21,999.00,-15.66,999.00,142.00,10.07,14.40,-26.97,-26.93,-28.88,-28.93,14.39,15.31,0.69,0.71,-28.41
1,2020,82.4583,88.20,55.51,89.68,-28.17,-28.19,-27.04,-27.70,80.00,87.40,12.70,13.40,74.70,91.00,717.90,2.38,2.34,999.00,999.00,999.00,-5.73,-6.54,9448.00,-9.06,-5.21,999.00,-15.66,999.00,142.00,10.07,14.40,-26.97,-26.93,-28.88,-28.93,14.39,15.31,0.69,0.71,-28.41
1,2020,82.4583,88.20,55.51,89.68,-28.17,-28.19,-27.04,-27.70,80.00,87.40,12.70,13.40,74.70,91.00,717.90,2.38,2.34,999.00,999.00,999.00,-5.73,-6.54,9448.00,-9.06,-5.21,999.00,-15.66,999.00,142.00,10.07,14.40,-26.97,-26.93,-28.88,-28.93,14.39,15.31,0.69,0.71,-28.41
1,2020,82.4583,88.20,55.51,89.68,-28.17,-28.19,-27.04,-27.70,80.00,87.40,12.70,13.40,74.70,91.00,717.90,2.38,2.34,999.00,999.00,999.00,-5.73,-6.54,9448.00,-9.06,-5.21,999.00,-15.66,999.00,142.00,10.07,14.40,-26.97,-26.93,-28.88,-28.93,14.39,15.31,0.69,0.71,-28.41
1,2020,82.4583,88.20,55.51,89.68,-28.17,-28.19,-27.04,-27.70,80.00,87.40,12.70,13.40,74.70,91.00,717.90,2.38,2.34,999.00,999.00,999.00,-5.73,-6.54,9448.00,-9.06,-5.21,999.00,-15.66,999.00,142.00,10.07,14.40,-26.97,-26.93,-28.88,-28.93,14.39,15.31,0.69,0.71,-28.41
1,2020,82.4583,88.20,55.51,89.68,-28.17,-28.19,-27.04,-27.70,80.00,87.40,12.70,13.40,74.70,91.00,717.90,2.38,2.34,999.00,999.00,999.00,-5.73,-6.54,9448.00,-9.06,-5.21,999.00,-15.66,999.00,142.00,10.07,14.40,-26.97,-26.93,-28.88,-28.93,14.39,15.31,0.69,0.71,-28.41
1,2020,82.4583,88.20,55.51,89.68,-28.17,-28.19,-27.04,-27.70,80.00,87.40,12.70,13.40,74.70,91.00,717.90,2.38,2.34,999.00,999.00,999.00,-5.73,-6.54,9448.00,-9.06,-5.21,999.00,-15.66,999.00,142.00,10.07,14.40,-26.97,-26.93,-28.88,-28.93,14.39,15.31,0.69,0.71,-28.41
1,2020,82.4583,88.20,55.51,89.68,-28.17,-28.19,-27.04,-27.70,80.00,87.40,12.70,13.40,74.70,91.00,717.90,2.38,2.34,999.00,999.00,999.00,-5.73,-6.54,9448.00,-9.06,-5.21,999.00,-15.66,999.00,142.00,10.07,14.40,-26.97,-26.93,-28.88,-28.93,14.39,15.31,0.69,0.71,-28.41
1,2020,82.5000,178.40,128.63,126.24,-26.26,-26.28,-26.80,-25.69,80.10,87.50,12.90,13.60,69.30,94.40,712.40,2.37,2.33,999.00,999.00,999.00,-5.72,-6.54,9454.00,-9.09,-5.26,999.00,-15.74,999.00,228.00,9.35,11.20,-25.48,-25.47,-27.06,-27.67,14.77,15.63,0.66,0.67,-26.97
1,2020,82.5417,263.20,200.31,148.72,-25.03,-25.03,-26.81,-24.42,79.50,86.70,13.10,13.80,47.80,101.20,723.40,2.35,2.32,999.00,999.00,999.00,-5.71,-6.61,9520.00,-9.12,-5.25,999.00,-15.67,999.00,300.00,7.91,5.60,-24.36,-24.53,-25.77,-25.77,15.14,15.86,0.67,0.69,-25.11
1,2020,82.5833,324.60,263.66,150.88,-24.04,-24.04,-26.81,-23.44,79.40,86.50,12.40,13.10,52.40,98.80,738.20,2.36,2.32,999.00,999.00,999.00,-5.70,-6.52,9440.00,-9.08,-5.25,999.00,-15.43,999.00,352.00,5.75,4.00,-23.37,-23.32,-24.71,-24.78,14.31,15.09,0.73,0.75,-23.75
1,2020,82.5833,324.60,263.66,150.88,-24.04,-24.04,-26.81,-23.44,79.40,86.50,12.40,13.10,52.40,98.80,738.20,2.36,2.32,999.00,999.00,999.00,-5.70,-6.52,9440.00,-9.08,-5.25,999.00,-15.43,999.00,352.00,5.75,4.00,-23.37,-23.32,-24.71,-24.78,14.31,15.09,0.73,0.75,-23.75
1,2020,82.5833,324.60,263.66,150.88,-24.04,-24.04,-26.81,-23.44,79.40,86.50,12.40,13.10,52.40,98.80,738.20,2.36,2.32,999.00,999.00,999.00,-5.70,-6.52,9440.00,-9.08,-5.25,999.00,-15.43,999.00,352.00,5.75,4.00,-23.37,-23.32,-24.71,-24.78,14.31,15.09,0.73,0.75,-23.75
1,2020,82.5833,324.60,263.66,150.88,-24.04,-24.04,-26.81,-23.44,79.40,86.50,12.40,13.10,52.40,98.80,738.20,2.36,2.32,999.00,999.00,999.00,-5.70,-6.52,9440.00,-9.08,-5.25,999.00,-15.43,999.00,352.00,5.75,4.00,-23.37,-23.32,-24.71,-24.78,14.31,15.09,0.73,0.75,-23.75
1,2020,82.5833,324.60,263.66,150.88,-24.04,-24.04,-26.81,-23.44,79.40,86.50,12.40,13.10,52.40,98.80,738.20,2.36,2.32,999.00,999.00,999.00,-5.70,-6.52,9440.00,-9.08,-5.25,999.00,-15.43,999.00,352.00,5.75,4.00,-23.37,-23.32,-24.71,-24.78,14.31,15.09,0.73,0.75,-23.75
1,2020,82.5833,324.60,263.66,150.88,-24.04,-24.04,-26.81,-23.44,79.40,86.50,12.40,13.10,52.40,98.80,738.20,2.36,2.32,999.00,999.00,999.00,-5.70,-6.52,9440.00,-9.08,-5.25,999.00,-15.43,999.00,352.00,5.75,4.00,-23.37,-23.32,-24.71,-24.78,14.31,15.09,0.73,0.75,-23.75
1,2020,82.5833,324.60,263.66,150.88,-24.04,-24.04,-26.81,-23.44,79.40,86.50,12.40,13.10,52.40,98.80,738.20,2.36,2.32,999.00,999.00,999.00,-5.70,-6.52,9440.00,-9.08,-5.25,999.00,-15.43,999.00,352.00,5.75,4.00,-23.37,-23.32,-24.71,-24.78,14.31,15.09,0.73,0.75,-23.75
1,2020,82.5833,324.60,263.66,150.88,-24.04,-24.04,-26.81,-23.44,79.40,86.50,12.40,13.10,52.40,98.80,738.20,2.36,2.32,999.00,999.00,999.00,-5.70,-6.52,9440.00,-9.08,-5.25,999.00,-15.43,999.00,352.00,5.75,4.00,-23.37,-23.32,-24.71,-24.78,14.31,15.09,0.73,0.75,-23.75
1,2020,82.5833,324.60,263.66,150.88,-24.04,-24.04,-26.81,-23.44,79.40,86.50,12.40,13.10,52.40,98.80,738.20,2.36,2.32,999.00,999.00,999.00,-5.70,-6.52,9440.00,-9.08,-5.25,999.00,-15.43,999.00,352.00,5.75,4.00,-23.37,-23.32,-24.71,-24.78,14.31,15.09,0.73,0.75,-23.75
1,2020,82.5833,324.60,263.66,150.88,-24.04,-24.04,-26.81,-23.44,79.40,86.50,12.40,13.10,52.40,98.80,738.20,2.36,2.32,999.00,999.00,999.00,-5.70,-6.52,9440.00,-9.08,-5.25,999.00,-15.43,999.00,352.00,5.75,4.00,-23.37,-23.32,-24.71,-24.78,14.31,15.09,0.73,0.75,-23.75
1,2020,82.6250,364.00,313.20,140.72,-22.82,-22.78,-26.81,-22.18,78.30,85.20,11.20,11.80,41.90,103.50,747.40,2.36,2.32,999.00,999.00,999.00,-5.69,-6.54,9445.00,-9.10,-5.27,999.00,-15.41,999.00,378.00,2.88,5.60,-22.24,-22.19,-23.43,-23.36,12.90,13.45,0.64,0.67,-22.27
1,2020,82.6667,384.40,338.58,121.44,-21.99,-21.95,-26.81,-21.27,77.60,84.30,11.00,11.60,39.70,107.40,748.60,2.35,2.31,999.00,999.00,999.00,-5.68,-6.52,9426.00,-9.08,-5.25,999.00,-15.36,999.00,390.00,0.72,8.00,-21.52,-21.48,-22.45,-22.38,12.44,13.12,0.62,0.65,-21.04
1,2020,82.7083,370.20,340.16,95.28,-21.38,-21.33,-26.82,-20.59,76.50,84.00,10.00,10.50,37.60,104.60,751.70,2.35,2.31,999.00,999.00,999.00,-5.67,-6.52,9421.00,-9.08,-5.25,999.00,-15.34,999.00,384.00,2.88,8.80,-20.73,-20.71,-21.80,-21.79,11.75,12.29,0.67,0.70,-20.15
1,2020,82.7083,370.20,340.16,95.28,-21.38,-21.33,-26.82,-20.59,76.50,84.00,10.00,10.50,37.60,104.60,751.70,2.35,2.31,999.00,999.00,999.00,-5.67,-6.52,9421.00,-9.08,-5.25,999.00,-15.34,999.00,384.00,2.88,8.80,-20.73,-20.71,-21.80,-21.79,11.75,12.29,0.67,0.70,-20.15
1,2020,82.7083,370.20,340.16,95.28,-21.38,-21.33,-26.82,-20.59,76.50,84.00,10.00,10.50,37.60,104.60,751.70,2.35,2.31,999.00,999.00,999.00,-5.67,-6.52,9421.00,-9.08,-5.25,999.00,-15.34,999.00,384.00,2.88,8.80,-20.73,-20.71,-21.80,-21.79,11.75,12.29,0.67,0.70,-20.15
1,2020,82.7083,370.20,340.16,95.28,-21.38,-21.33,-26.82,-20.59,76.50,84.00,10.00,10.50,37.60,104.60,751.70,2.35,2.31,999.00,999.00,999.00,-5.67,-6.52,9421.00,-9.08,-5.25,999.00,-15.34,999.00,384.00,2.88,8.80,-20.73,-20.71,-21.80,-21.79,11.75,12.29,0.67,0.70,-20.15
1,2020,82.7083,370.20,340.16,95.28,-21.38,-21.33,-26.82,-20.59,76.50,84.00,10.00,10.50,37.60,104.60,751.70,2.35,2.31,999.00,999.00,999.00,-5.67,-6.52,9421.00,-9.08,-5.25,999.00,-15.34,999.00,384.00,2.88,8.80,-20.73,-20.71,-21.80,-21.79,11.75,12.29,0.67,0.70,-20.15
1,2020,82.7083,370.20,340.16,95.28,-21.38,-21.33,-26.82,-20.59,76.50,84.00,10.00,10.50,37.60,104.60,751.70,2.35,2.31,999.00,999.00,999.00,-5.67,-6.52,9421.00,-9.08,-5.25,999.00,-15.34,999.00,384.00,2.88,8.80,-20.73,-20.71,-21.80,-21.79,11.75,12.29,0.67,0.70,-20.15
1,2020,82.7083,370.20,340.16,95.28,-21.38,-21.33,-26.82,-20.59,76.50,84.00,10.00,10.50,37.60,104.60,751.70,2.35,2.31,999.00,999.00,999.00,-5.67,-6.52,9421.00,-9.08,-5.25,999.00,-15.34,999.00,384.00,2.88,8.80,-20.73,-20.71,-21.80,-21.79,11.75,12.29,0.67,0.70,-20.15
1,2020,82.7083,370.20,340.16,95.28,-21.38,-21.33,-26.82,-20.59,76.50,84.00,10.00,10.50,37.60,104.60,751.70,2.35,2.31,999.00,999.00,999.00,-5.67,-6.52,9421.00,-9.08,-5.25,999.00,-15.34,999.00,384.00,2.88,8.80,-20.73,-20.71,-21.80,-21.79,11.75,12.29,0.67,0.70,-20.15
1,2020,82.7083,370.20,340.16,95.28,-21.38,-21.33,-26.82,-20.59,76.50,84.00,10.00,10.50,37.60,104.60,751.70,2.35,2.31,999.00,999.00,999.00,-5.67,-6.52,9421.00,-9.08,-5.25,999.00,-15.34,999.00,384.00,2.88,8.80,-20.73,-20.71,-21.80,-21.79,11.75,12.29,0.67,0.70,-20.15
1,2020,82.7083,370.20,340.16,95.28,-21.38,-21.33,-26.82,-20.59,76.50,84.00,10.00,10.50,37.60,104.60,751.70,2.35,2.31,999.00,999.00,999.00,-5.67,-6.52,9421.00,-9.08,-5.25,999.00,-15.34,999.00,384.00,2.88,8.80,-20.73,-20.71,-21.80,-21.79,11.75,12.29,0.67,0.70,-20.15
1,2020,82.7500,324.80,315.07,69.92,-20.79,-20.72,-26.82,-20.03,75.30,82.10,10.20,10.70,56.30,105.10,750.40,2.33,2.31,999.00,999.00,999.00,-5.66,-6.51,9410.00,-9.07,-5.23,999.00,-15.32,999.00,356.00,6.47,8.00,-20.45,-20.44,-20.97,-20.91,11.94,12.67,0.53,0.56,-19.47
1,2020,82.7917,259.20,266.25,47.28,-20.88,-20.80,-26.82,-20.21,74.50,80.70,9.10,9.60,56.40,108.10,752.00,2.34,2.31,999.00,999.00,999.00,-5.65,-6.50,9405.00,-9.07,-5.22,999.00,-15.29,999.00,294.00,7.91,7.20,-20.61,-20.56,-21.19,-21.04,10.47,11.00,0.61,0.62,-19.39
1,2020,82.8333,179.60,197.87,31.60,-21.57,-21.43,-26.82,-20.75,74.10,79.10,8.60,9.10,43.90,106.70,754.40,2.35,2.31,999.00,999.00,999.00,-5.63,-6.47,9365.00,-9.02,-5.14,999.00,-15.31,999.00,222.00,9.35,4.80,-21.07,-20.93,-22.03,-21.90,10.19,10.60,0.73,0.75,-19.86
1,2020,82.8333,179.60,197.87,31.60,-21.57,-21.43,-26.82,-20.75,74.10,79.10,8.60,9.10,43.90,106.70,754.40,2.35,2.31,999.00,999.00,999.00,-5.63,-6.47,9365.00,-9.02,-5.14,999.00,-15.31,999.00,222.00,9.35,4.80,-21.07,-20.93,-22.03,-21.90,10.19,10.60,0.73,0.75,-19.86
1,2020,82.8333,179.60,197.87,31.60,-21.57,-21.43,-26.82,-20.75,74.10,79.10,8.60,9.10,43.90,106.70,754.40,2.35,2.31,999.00,999.00,999.00,-5.63,-6.47,9365.00,-9.02,-5.14,999.00,-15.31,999.00,222.00,9.35,4.80,-21.07,-20.93,-22.03,-21.90,10.19,10.60,0.73,0.75,-19.86
1,2020,82.8333,179.60,197.87,31.60,-21.57,-21.43,-26.82,-20.75,74.10,79.10,8.60,9.10,43.90,106.70,754.40,2.35,2.31,999.00,999.00,999.00,-5.63,-6.47,9365.00,-9.02,-5.14,999.00,-15.31,999.00,222.00,9.35,4.80,-21.07,-20.93,-22.03,-21.90,10.19,10.60,0.73,0.75,-19.86
1,2020,82.8333,179.60,197.87,31.60,-21.57,-21.43,-26.82,-20.75,74.10,79.10,8.60,9.10,43.90,106.70,754.40,2.35,2.31,999.00,999.00,999.00,-5.63,-6.47,9365.00,-9.02,-5.14,999.00,-15.31,999.00,222.00,9.35,4.80,-21.07,-20.93,-22.03,-21.90,10.19,10.60,0.73,0.75,-19.86
1,2020,82.8333,179.60,197.87,31.60,-21.57,-21.43,-26.82,-20.75,74.10,79.10,8.60,9.10,43.90,106.70,754.40,2.35,2.31,999.00,999.00,999.00,-5.63,-6.47,9365.00,-9.02,-5.14,999.00,-15.31,999.00,222.00,9.35,4.80,-21.07,-20.93,-22.03,-21.90,10.19,10.60,0.73,0.75,-19.86
1,2020,82.8333,179.60,197.87,31.60,-21.57,-21.43,-26.82,-20.75,74.10,79.10,8.60,9.10,43.90,106.70,754.40,2.35,2.31,999.00,999.00,999.00,-5.63,-6.47,9365.00,-9.02,-5.14,999.00,-15.31,999.00,222.00,9.35,4.80,-21.07,-20.93,-22.03,-21.90,10.19,10.60,0.73,0.75,-19.86
1,2020,82.8333,179.60,197.87,31.60,-21.57,-21.43,-26.82,-20.75,74.10,79.10,8.60,9.10,43.90,106.70,754.40,2.35,2.31,999.00,999.00,999.00,-5.63,-6.47,9365.00,-9.02,-5.14,999.00,-15.31,999.00,222.00,9.35,4.80,-21.07,-20.93,-22.03,-21.90,10.19,10.60,0.73,0.75,-19.86
1,2020,82.8333,179.60,197.87,31.60,-21.57,-21.43,-26.82,-20.75,74.10,79.10,8.60,9.10,43.90,106.70,754.40,2.35,2.31,999.00,999.00,999.00,-5.63,-6.47,9365.00,-9.02,-5.14,999.00,-15.31,999.00,222.00,9.35,4.80,-21.07,-20.93,-22.03,-21.90,10.19,10.60,0.73,0.75,-19.86
1,2020,82.8750,91.80,116.69,20.48,-22.13,-22.00,-26.81,-21.44,72.60,78.10,9.10,9.60,51.70,105.00,754.90,2.35,2.31,999.00,999.00,999.00,-5.61,-6.44,9333.00,-8.98,-5.08,999.00,-15.32,999.00,136.00,8.63,3.20,-21.40,-21.27,-22.75,-22.62,10.90,11.48,0.75,0.79,-20.74
1,2020,82.9167,21.60,31.64,25.28,-23.46,-23.32,-26.81,-22.88,70.80,77.00,7.50,8.10,45.50,109.60,757.80,2.36,2.32,999.00,999.00,999.00,-5.61,-6.42,9301.00,-8.93,-5.00,999.00,-15.33,999.00,52.00,5.03,6.40,-22.74,-22.64,-24.60,-24.44,8.63,9.08,0.48,0.50,-22.31
1,2020,82.9583,1.20,0.86,33.52,-25.34,-25.18,-26.81,-24.91,69.00,75.70,5.20,5.70,52.10,100.20,758.80,2.37,2.33,999.00,999.00,999.00,-5.64,-6.46,9339.00,-8.96,-5.02,999.00,-15.33,999.00,4.00,0.72,5.60,-24.28,-24.10,-26.58,-26.42,8.28,8.87,0.94,1.00,-24.69
1,2020,82.9583,1.20,0.86,33.52,-25.34,-25.18,-26.81,-24.91,69.00,75.70,5.20,5.70,52.10,100.20,758.80,2.37,2.33,999.00,999.00,999.00,-5.64,-6.46,9339.00,-8.96,-5.02,999.00,-15.33,999.00,4.00,0.72,5.60,-24.28,-24.10,-26.58,-26.42,8.28,8.87,0.94,1.00,-24.69
1,2020,82.9583,1.20,0.86,33.52,-25.34,-25.18,-26.81,-24.91,69.00,75.70,5.20,5.70,52.10,100.20,758.80,2.37,2.33,999.00,999.00,999.00,-5.64,-6.46,9339.00,-8.96,-5.02,999.00,-15.33,999.00,4.00,0.72,5.60,-24.28,-24.10,-26.58,-26.42,8.28,8.87,0.94,1.00,-24.69
1,2020,82.9583,1.20,0.86,33.52,-25.34,-25.18,-26.81,-24.91,69.00,75.70,5.20,5.70,52.10,100.20,758.80,2.37,2.33,999.00,999.00,999.00,-5.64,-6.46,9339.00,-8.96,-5.02,999.00,-15.33,999.00,4.00,0.72,5.60,-24.28,-24.10,-26.58,-26.42,8.28,8.87,0.94,1.00,-24.69
1,2020,82.9583,1.20,0.86,33.52,-25.34,-25.18,-26.81,-24.91,69.00,75.70,5.20,5.70,52.10,100.20,758.80,2.37,2.33,999.00,999.00,999.00,-5.64,-6.46,9339.00,-8.96,-5.02,999.00,-15.33,999.00,4.00,0.72,5.60,-24.28,-24.10,-26.58,-26.42,8.28,8.87,0.94,1.00,-24.69
1,2020,82.9583,1.20,0.86,33.52,-25.34,-25.18,-26.81,-24.91,69.00,75.70,5.20,5.70,52.10,100.20,758.80,2.37,2.33,999.00,999.00,999.00,-5.64,-6.46,9339.00,-8.96,-5.02,999.00,-15.33,999.00,4.00,0.72,5.60,-24.28,-24.10,-26.58,-26.42,8.28,8.87,0.94,1.00,-24.69
1,2020,82.9583,1.20,0.86,33.52,-25.34,-25.18,-26.81,-24.91,69.00,75.70,5.20,5.70,52.10,100.20,758.80,2.37,2.33,999.00,999.00,999.00,-5.64,-6.46,9339.00,-8.96,-5.02,999.00,-15.33,999.00,4.00,0.72,5.60,-24.28,-24.10,-26.58,-26.42,8.28,8.87,0.94,1.00,-24.69
1,2020,82.9583,1.20,0.86,33.52,-25.34,-25.18,-26.81,-24.91,69.00,75.70,5.20,5.70,52.10,100.20,758.80,2.37,2.33,999.00,999.00,999.00,-5.64,-6.46,9339.00,-8.96,-5.02,999.00,-15.33,999.00,4.00,0.72,5.60,-24.28,-24.10,-26.58,-26.42,8.28,8.87,0.94,1.00,-24.69
1,2020,82.9583,1.20,0.86,33.52,-25.34,-25.18,-26.81,-24.91,69.00,75.70,5.20,5.70,52.10,100.20,758.80,2.37,2.33,999.00,999.00,999.00,-5.64,-6.46,9339.00,-8.96,-5.02,999.00,-15.33,999.00,4.00,0.72,5.60,-24.28,-24.10,-26.58,-26.42,8.28,8.87,0.94,1.00,-24.69
1,2020,82.9583,1.20,0.86,33.52,-25.34,-25.18,-26.81,-24.91,69.00,75.70,5.20,5.70,52.10,100.20,758.80,2.37,2.33,999.00,999.00,999.00,-5.64,-6.46,9339.00,-8.96,-5.02,999.00,-15.33,999.00,4.00,0.72,5.60,-24.28,-24.10,-26.58,-26.42,8.28,8.87,0.94,1.00,-24.69
1,2020,83.0000,0.40,0.00,33.44,-26.46,-26.31,-26.81,-26.08,69.10,75.50,7.40,7.90,33.60,104.40,761.70,2.37,2.33,999.00,999.00,999.00,-5.68,-6.50,9379.00,-9.01,-5.09,999.00,-15.36,999.00,0.00,0.00,3.20,-25.84,-25.71,-27.05,-26.93,8.47,9.15,0.32,0.34,-26.61
1,2020,83.0417,0.40,0.00,32.80,-27.04,-26.90,-26.80,-26.66,68.00,74.50,6.90,7.40,39.00,104.80,763.30,2.37,2.34,999.00,999.00,999.00,-5.70,-6.52,9398.00,-9.04,-5.13,999.00,-15.38,999.00,0.00,0.00,3.20,-26.34,-26.20,-27.68,-27.54,8.17,8.62,0.46,0.48,-27.54
1,2020,83.0833,0.40,0.00,29.60,-27.76,-27.60,-26.80,-27.37,67.10,73.90,5.80,6.20,30.90,110.30,764.60,2.38,2.34,999.00,999.00,999.00,-5.71,-6.53,9415.00,-9.05,-5.14,999.00,-15.40,999.00,0.00,0.00,4.80,-27.27,-27.10,-28.27,-28.05,6.89,7.42,0.54,0.57,-28.41
1,2020,83.0833,0.40,0.00,29.60,-27.76,-27.60,-26.80,-27.37,67.10,73.90,5.80,6.20,30.90,110.30,764.60,2.38,2.34,999.00,999.00,999.00,-5.71,-6.53,9415.00,-9.05,-5.14,999.00,-15.40,999.00,0.00,0.00,4.80,-27.27,-27.10,-28.27,-28.05,6.89,7.42,0.54,0.57,-28.41
1,2020,83.0833,0.40,0.00,29.60,-27.76,-27.60,-26.80,-27.37,67.10,73.90,5.80,6.20,30.90,110.30,764.60,2.38,2.34,999.00,999.00,999.00,-5.71,-6.53,9415.00,-9.05,-5.14,999.00,-15.40,999.00,0.00,0.00,4.80,-27.27,-27.10,-28.27,-28.05,6.89,7.42,0.54,0.57,-28.41
1,2020,83.0833,0.40,0.00,29.60,-27.76,-27.60,-26.80,-27.37,67.10,73.90,5.80,6.20,30.90,110.30,764.60,2.38,2.34,999.00,999.00,999.00,-5.71,-6.53,9415.00,-9.05,-5.14,999.00,-15.40,999.00,0.00,0.00,4.80,-27.27,-27.10,-28.27,-28.05,6.89,7.42,0.54,0.57,-28.41
1,2020,83.0833,0.40,0.00,29.60,-27.76,-27.60,-26.80,-27.37,67.10,73.90,5.80,6.20,30.90,110.30,764.60,2.38,2.34,999.00,999.00,999.00,-5.71,-6.53,9415.00,-9.05,-5.14,999.00,-15.40,999.00,0.00,0.00,4.80,-27.27,-27.10,-28.27,-28.05,6.89,7.42,0.54,0.57,-28.41
1,2020,83.0833,0.40,0.00,29.60,-27.76,-27.60,-26.80,-27.37,67.10,73.90,5.80,6.20,30.90,110.30,764.60,2.38,2.34,999.00,999.00,999.00,-5.71,-6.53,9415.00,-9.05,-5.14,999.00,-15.40,999.00,0.00,0.00,4.80,-27.27,-27.10,-28.27,-28.05,6.89,7.42,0.54,0.57,-28.41
1,2020,83.0833,0.40,0.00,29.60,-27.76,-27.60,-26.80,-27.37,67.10,73.90,5.80,6.20,30.90,110.30,764.60,2.38,2.34,999.00,999.00,999.00,-5.71,-6.53,9415.00,-9.05,-5.14,999.00,-15.40,999.00,0.00,0.00,4.80,-27.27,-27.10,-28.27,-28.05,6.89,7.42,0.54,0.57,-28.41
1,2020,83.0833,0.40,0.00,29.60,-27.76,-27.60,-26.80,-27.37,67.10,73.90,5.80,6.20,30.90,110.30,764.60,2.38,2.34,999.00,999.00,999.00,-5.71,-6.53,9415.00,-9.05,-5.14,999.00,-15.40,999.00,0.00,0.00,4.80,-27.27,-27.10,-28.27,-28.05,6.89,7.42,0.54,0.57,-28.41
1,2020,83.0833,0.40,0.00,29.60,-27.76,-27.60,-26.80,-27.37,67.10,73.90,5.80,6.20,30.90,110.30,764.60,2.38,2.34,999.00,999.00,999.00,-5.71,-6.53,9415.00,-9.05,-5.14,999.00,-15.40,999.00,0.00,0.00,4.80,-27.27,-27.10,-28.27,-28.05,6.89,7.42,0.54,0.57,-28.41
1,2020,83.0833,0.40,0.00,29.60,-27.76,-27.60,-26.80,-27.37,67.10,73.90,5.80,6.20,30.90,110.30,764.60,2.38,2.34,999.00,999.00,999.00,-5.71,-6.53,9415.00,-9.05,-5.14,999.00,-15.40,999.00,0.00,0.00,4.80,-27.27,-27.10,-28.27,-28.05,6.89,7.42,0.54,0.57,-28.41
1,2020,83.0833,0.40,0.00,29.60,-27.76,-27.60,-26.80,-27.37,67.10,73.90,5.80,6.20,30.90,110.30,764.60,2.38,2.34,999.00,999.00,999.00,-5.71,-6.53,9415.00,-9.05,-5.14,999.00,-15.40,999.00,0.00,0.00,4.80,-27.27,-27.10,-28.27,-28.05,6.89,7.42,0.54,0.57,-28.41
1,2020,83.1250,0.40,0.00,28.96,-27.98,-27.79,-26.84,-27.55,62.50,69.10,5.60,6.10,38.80,112.70,766.60,2.38,2.34,999.00,999.00,999.00,-5.73,-6.56,9440.00,-9.08,-5.18,999.00,-15.41,999.00,0.00,0.00,6.40,-27.40,-27.22,-28.76,-28.61,6.90,7.29,0.52,0.56,-29.03
1,2020,83.1667,0.20,0.00,29.52,-28.70,-28.53,-27.45,-28.26,62.70,69.30,5.90,6.30,31.60,112.30,767.20,2.38,2.34,999.00,999.00,999.00,-5.73,-6.55,9433.00,-9.07,-5.17,999.00,-15.40,999.00,0.00,0.00,5.60,-27.51,-27.31,-29.39,-29.22,7.41,7.87,0.48,0.50,-29.38
1,2020,83.2083,0.20,0.00,28.00,-29.83,-29.66,-28.74,-29.42,64.70,71.40,6.00,6.50,27.40,113.80,767.80,2.39,2.35,999.00,999.00,999.00,-5.72,-6.55,9425.00,-9.06,-5.15,999.00,-15.39,999.00,0.00,0.00,5.60,-28.99,-28.81,-30.33,-30.18,7.44,8.11,0.45,0.48,-30.25
1,2020,83.2083,0.20,0.00,28.00,-29.83,-29.66,-28.74,-29.42,64.70,71.40,6.00,6.50,27.40,113.80,767.80,2.39,2.35,999.00,999.00,999.00,-5.72,-6.55,9425.00,-9.06,-5.15,999.00,-15.39,999.00,0.00,0.00,5.60,-28.99,-28.81,-30.33,-30.18,7.44,8.11,0.45,0.48,-30.25
1,2020,83.2083,0.20,0.00,28.00,-29.83,-29.66,-28.74,-29.42,64.70,71.40,6.00,6.50,27.40,113.80,767.80,2.39,2.35,999.00,999.00,999.00,-5.72,-6.55,9425.00,-9.06,-5.15,999.00,-15.39,999.00,0.00,0.00,5.60,-28.99,-28.81,-30.33,-30.18,7.44,8.11,0.45,0.48,-30.25
1,2020,83.2083,0.20,0.00,28.00,-29.83,-29.66,-28.74,-29.42,64.70,71.40,6.00,6.50,27.40,113.80,767.80,2.39,2.35,999.00,999.00,999.00,-5.72,-6.55,9425.00,-9.06,-5.15,999.00,-15.39,999.00,0.00,0.00,5.60,-28.99,-28.81,-30.33,-30.18,7.44,8.11,0.45,0.48,-30.25
1,2020,83.2083,0.20,0.00,28.00,-29.83,-29.66,-28.74,-29.42,64.70,71.40,6.00,6.50,27.40,113.80,767.80,2.39,2.35,999.00,999.00,999.00,-5.72,-6.55,9425.00,-9.06,-5.15,999.00,-15.39,999.00,0.00,0.00,5.60,-28.99,-28.81,-30.33,-30.18,7.44,8.11,0.45,0.48,-30.25
1,2020,83.2083,0.20,0.00,28.00,-29.83,-29.66,-28.74,-29.42,64.70,71.40,6.00,6.50,27.40,113.80,767.80,2.39,2.35,999.00,999.00,999.00,-5.72,-6.55,9425.00,-9.06,-5.15,999.00,-15.39,999.00,0.00,0.00,5.60,-28.99,-28.81,-30.33,-30.18,7.44,8.11,0.45,0.48,-30.25
1,2020,83.2083,0.20,0.00,28.00,-29.83,-29.66,-28.74,-29.42,64.70,71.40,6.00,6.50,27.40,113.80,767.80,2.39,2.35,999.00,999.00,999.00,-5.72,-6.55,9425.00,-9.06,-5.15,999.00,-15.39,999.00,0.00,0.00,5.60,-28.99,-28.81,-30.33,-30.18,7.44,8.11,0.45,0.48,-30.25
1,2020,83.2083,0.20,0.00,28.00,-29.83,-29.66,-28.74,-29.42,64.70,71.40,6.00,6.50,27.40,113.80,767.80,2.39,2.35,999.00,999.00,999.00,-5.72,-6.55,9425.00,-9.06,-5.15,999.00,-15.39,999.00,0.00,0.00,5.60,-28.99,-28.81,-30.33,-30.18,7.44,8.11,0.45,0.48,-30.25
1,2020,83.2083,0.20,0.00,28.00,-29.83,-29.66,-28.74,-29.42,64.70,71.40,6.00,6.50,27.40,113.80,767.80,2.39,2.35,999.00,999.00,999.00,-5.72,-6.55,9425.00,-9.06,-5.15,999.00,-15.39,999.00,0.00,0.00,5.60,-28.99,-28.81,-30.33,-30.18,7.44,8.11,0.45,0.48,-30.25
1,2020,83.2083,0.20,0.00,28.00,-29.83,-29.66,-28.74,-29.42,64.70,71.40,6.00,6.50,27.40,113.80,767.80,2.39,2.35,999.00,999.00,999.00,-5.72,-6.55,9425.00,-9.06,-5.15,999.00,-15.39,999.00,0.00,0.00,5.60,-28.99,-28.81,-30.33,-30.18,7.44,8.11,0.45,0.48,-30.25
1,2020,83.2083,0.20,0.00,28.00,-29.83,-29.66,-28.74,-29.42,64.70,71.40,6.00,6.50,27.40,113.80,767.80,2.39,2.35,999.00,999.00,999.00,-5.72,-6.55,9425.00,-9.06,-5.15,999.00,-15.39,999.00,0.00,0.00,5.60,-28.99,-28.81,-30.33,-30.18,7.44,8.11,0.45,0.48,-30.25
1,2020,83.2500,0.20,0.00,27.76,-30.20,-30.04,-29.12,-29.78,65.10,71.70,6.20,6.70,33.20,114.70,769.40,2.39,2.35,999.00,999.00,999.00,-5.74,-6.57,9455.00,-9.10,-5.20,999.00,-15.40,999.00,0.00,0.00,6.40,-29.30,-29.15,-31.00,-30.84,7.19,7.75,0.46,0.48,-30.97
1,2020,83.2917,0.20,0.00,26.72,-30.88,-30.74,-29.90,-30.51,69.20,76.00,6.50,7.00,34.30,111.70,770.40,2.39,2.35,999.00,999.00,999.00,-5.75,-6.58,9465.00,-9.11,-5.20,999.00,-15.41,999.00,0.00,0.00,4.00,-30.56,-30.41,-31.16,-31.01,7.43,7.95,0.36,0.38,-31.57
1,2020,83.3333,0.20,0.00,26.32,-30.88,-30.74,-29.89,-30.51,72.30,79.30,6.30,6.80,26.30,111.70,771.20,2.39,2.35,999.00,999.00,999.00,-5.78,-6.61,9492.00,-9.14,-5.24,999.00,-15.42,999.00,0.00,0.00,4.00,-30.63,-30.49,-31.18,-31.05,7.68,8.23,0.43,0.46,-31.87
1,2020,83.3333,0.20,0.00,26.32,-30.88,-30.74,-29.89,-30.51,72.30,79.30,6.30,6.80,26.30,111.70,771.20,2.39,2.35,999.00,999.00,999.00,-5.78,-6.61,9492.00,-9.14,-5.24,999.00,-15.42,999.00,0.00,0.00,4.00,-30.63,-30.49,-31.18,-31.05,7.68,8.23,0.43,0.46,-31.87
1,2020,83.3333,0.20,0.00,26.32,-30.88,-30.74,-29.89,-30.51,72.30,79.30,6.30,6.80,26.30,111.70,771.20,2.39,2.35,999.00,999.00,999.00,-5.78,-6.61,9492.00,-9.14,-5.24,999.00,-15.42,999.00,0.00,0.00,4.00,-30.63,-30.49,-31.18,-31.05,7.68,8.23,0.43,0.46,-31.87
1,2020,83.3333,0.20,0.00,26.32,-30.88,-30.74,-29.89,-30.51,72.30,79.30,6.30,6.80,26.30,111.70,771.20,2.39,2.35,999.00,999.00,999.00,-5.78,-6.61,9492.00,-9.14,-5.24,999.00,-15.42,999.00,0.00,0.00,4.00,-30.63,-30.49,-31.18,-31.05,7.68,8.23,0.43,0.46,-31.87
1,2020,83.3333,0.20,0.00,26.32,-30.88,-30.74,-29.89,-30.51,72.30,79.30,6.30,6.80,26.30,111.70,771.20,2.39,2.35,999.00,999.00,999.00,-5.78,-6.61,9492.00,-9.14,-5.24,999.00,-15.42,999.00,0.00,0.00,4.00,-30.63,-30.49,-31.18,-31.05,7.68,8.23,0.43,0.46,-31.87
1,2020,83.3333,0.20,0.00,26.32,-30.88,-30.74,-29.89,-30.51,72.30,79.30,6.30,6.80,26.30,111.70,771.20,2.39,2.35,999.00,999.00,999.00,-5.78,-6.61,9492.00,-9.14,-5.24,999.00,-15.42,999.00,0.00,0.00,4.00,-30.63,-30.49,-31.18,-31.05,7.68,8.23,0.43,0.46,-31.87
1,2020,83.3333,0.20,0.00,26.32,-30.88,-30.74,-29.89,-30.51,72.30,79.30,6.30,6.80,26.30,111.70,771.20,2.39,2.35,999.00,999.00,999.00,-5.78,-6.61,9492.00,-9.14,-5.24,999.00,-15.42,999.00,0.00,0.00,4.00,-30.63,-30.49,-31.18,-31.05,7.68,8.23,0.43,0.46,-31.87
1,2020,83.3333,0.20,0.00,26.32,-30.88,-30.74,-29.89,-30.51,72.30,79.30,6.30,6.80,26.30,111.70,771.20,2.39,2.35,999.00,999.00,999.00,-5.78,-6.61,9492.00,-9.14,-5.24,999.00,-15.42,999.00,0.00,0.00,4.00,-30.63,-30.49,-31.18,-31.05,7.68,8.23,0.43,0.46,-31.87
1,2020,83.3333,0.20,0.00,26.32,-30.88,-30.74,-29.89,-30.51,72.30,79.30,6.30,6.80,26.30,111.70,771.20,2.39,2.35,999.00,999.00,999.00,-5.78,-6.61,9492.00,-9.14,-5.24,999.00,-15.42,999.00,0.00,0.00,4.00,-30.63,-30.49,-31.18,-31.05,7.68,8.23,0.43,0.46,-31.87
1,2020,83.3333,0.20,0.00,26.32,-30.88,-30.74,-29.89,-30.51,72.30,79.30,6.30,6.80,26.30,111.70,771.20,2.39,2.35,999.00,999.00,999.00,-5.78,-6.61,9492.00,-9.14,-5.24,999.00,-15.42,999.00,0.00,0.00,4.00,-30.63,-30.49,-31.18,-31.05,7.68,8.23,0.43,0.46,-31.87
1,2020,83.3750,0.80,0.50,26.32,-30.79,-30.65,-29.79,-30.42,74.80,81.90,6.80,7.30,37.50,112.10,771.60,2.39,2.35,999.00,999.00,999.00,-5.78,-6.62,9505.00,-9.16,-5.26,999.00,-15.42,999.00,4.00,0.72,3.20,-30.33,-30.20,-31.07,-30.90,8.14,8.59,0.41,0.41,-31.88
1,2020,83.4167,21.60,11.00,49.28,-30.86,-30.75,-29.83,-30.41,75.80,82.70,7.60,8.10,23.50,109.50,771.30,2.39,2.35,999.00,999.00,999.00,-5.78,-6.62,9500.00,-9.15,-5.26,999.00,-15.42,999.00,56.00,5.75,21.60,-30.52,-30.43,-31.12,-31.00,9.00,9.76,0.47,0.47,-31.68
1,2020,83.4583,97.60,55.87,105.12,-30.20,-30.09,-28.88,-29.59,76.10,83.10,7.90,8.40,23.00,113.30,770.40,2.39,2.35,999.00,999.00,999.00,-5.76,-6.60,9493.00,-9.15,-5.28,999.00,-15.45,999.00,140.00,8.63,10.40,-29.59,-29.51,-30.79,-30.66,8.92,9.42,0.39,0.39,-30.89
1,2020,83.4583,97.60,55.87,105.12,-30.20,-30.09,-28.88,-29.59,76.10,83.10,7.90,8.40,23.00,113.30,770.40,2.39,2.35,999.00,999.00,999.00,-5.76,-6.60,9493.00,-9.15,-5.28,999.00,-15.45,999.00,140.00,8.63,10.40,-29.59,-29.51,-30.79,-30.66,8.92,9.42,0.39,0.39,-30.89
1,2020,83.4583,97.60,55.87,105.12,-30.20,-30.09,-28.88,-29.59,76.10,83.10,7.90,8.40,23.00,113.30,770.40,2.39,2.35,999.00,999.00,999.00,-5.76,-6.60,9493.00,-9.15,-5.28,999.00,-15.45,999.00,140.00,8.63,10.40,-29.59,-29.51,-30.79,-30.66,8.92,9.42,0.39,0.39,-30.89
1,2020,83.4583,97.60,55.87,105.12,-30.20,-30.09,-28.88,-29.59,76.10,83.10,7.90,8.40,23.00,113.30,770.40,2.39,2.35,999.00,999.00,999.00,-5.76,-6.60,9493.00,-9.15,-5.28,999.00,-15.45,999.00,140.00,8.63,10.40,-29.59,-29.51,-30.79,-30.66,8.92,9.42,0.39,0.39,-30.89
1,2020,83.4583,97.60,55.87,105.12,-30.20,-30.09,-28.88,-29.59,76.10,83.10,7.90,8.40,23.00,113.30,770.40,2.39,2.35,999.00,999.00,999.00,-5.76,-6.60,9493.00,-9.15,-5.28,999.00,-15.45,999.00,140.00,8.63,10.40,-29.59,-29.51,-30.79,-30.66,8.92,9.42,0.39,0.39,-30.89
1,2020,83.4583,97.60,55.87,105.12,-30.20,-30.09,-28.88,-29.59,76.10,83.10,7.90,8.40,23.00,113.30,770.40,2.39,2.35,999.00,999.00,999.00,-5.76,-6.60,9493.00,-9.15,-5.28,999.00,-15.45,999.00,140.00,8.63,10.40,-29.59,-29.51,-30.79,-30.66,8.92,9.42,0.39,0.39,-30.89
1,2020,83.4583,97.60,55.87,105.12,-30.20,-30.09,-28.88,-29.59,76.10,83.10,7.90,8.40,23.00,113.30,770.40,2.39,2.35,999.00,999.00,999.00,-5.76,-6.60,9493.00,-9.15,-5.28,999.00,-15.45,999.00,140.00,8.63,10.40,-29.59,-29.51,-30.79,-30.66,8.92,9.42,0.39,0.39,-30.89
1,2020,83.4583,97.60,55.87,105.12,-30.20,-30.09,-28.88,-29.59,76.10,83.10,7.90,8.40,23.00,113.30,770.40,2.39,2.35,999.00,999.00,999.00,-5.76,-6.60,9493.00,-9.15,-5.28,999.00,-15.45,999.00,140.00,8.63,10.40,-29.59,-29.51,-30.79,-30.66,8.92,9.42,0.39,0.39,-30.89
1,2020,83.4583,97.60,55.87,105.12,-30.20,-30.09,-28.88,-29.59,76.10,83.10,7.90,8.40,23.00,113.30,770.40,2.39,2.35,999.00,999.00,999.00,-5.76,-6.60,9493.00,-9.15,-5.28,999.00,-15.45,999.00,140.00,8.63,10.40,-29.59,-29.51,-30.79,-30.66,8.92,9.42,0.39,0.39,-30.89
1,2020,83.4583,97.60,55.87,105.12,-30.20,-30.09,-28.88,-29.59,76.10,83.10,7.90,8.40,23.00,113.30,770.40,2.39,2.35,999.00,999.00,999.00,-5.76,-6.60,9493.00,-9.15,-5.28,999.00,-15.45,999.00,140.00,8.63,10.40,-29.59,-29.51,-30.79,-30.66,8.92,9.42,0.39,0.39,-30.89
1,2020,83.5000,183.20,139.49,131.52,-29.27,-29.20,-27.79,-28.63,76.10,83.60,7.30,7.70,42.10,109.30,769.70,2.39,2.35,999.00,999.00,999.00,-5.75,-6.59,9480.00,-9.14,-5.27,999.00,-15.43,999.00,224.00,8.63,5.60,-28.68,-28.62,-29.75,-29.64,8.79,9.11,0.60,0.62,-29.41
1,2020,83.5417,262.40,213.54,145.84,-28.18,-28.12,-26.89,-27.46,74.90,82.60,6.00,6.40,27.70,111.60,768.50,2.38,2.34,999.00,999.00,999.00,-5.73,-6.58,9475.00,-9.14,-5.28,999.00,-15.40,999.00,336.00,9.35,6.40,-27.31,-27.29,-28.89,-28.83,8.28,8.52,0.86,0.91,-27.96
1,2020,83.5833,259.00,243.74,66.64,-26.10,-26.08,-26.81,-25.48,78.30,85.90,6.10,6.40,41.20,113.90,767.50,2.37,2.33,999.00,999.00,999.00,-5.76,-6.61,9512.00,-9.19,-5.34,999.00,-15.36,999.00,456.00,18.69,38.40,-24.17,-24.13,-27.45,-27.40,7.57,7.94,0.56,0.59,-25.96
1,2020,83.5833,259.00,243.74,66.64,-26.10,-26.08,-26.81,-25.48,78.30,85.90,6.10,6.40,41.20,113.90,767.50,2.37,2.33,999.00,999.00,999.00,-5.76,-6.61,9512.00,-9.19,-5.34,999.00,-15.36,999.00,456.00,18.69,38.40,-24.17,-24.13,-27.45,-27.40,7.57,7.94,0.56,0.59,-25.96
1,2020,83.5833,259.00,243.74,66.64,-26.10,-26.08,-26.81,-25.48,78.30,85.90,6.10,6.40,41.20,113.90,767.50,2.37,2.33,999.00,999.00,999.00,-5.76,-6.61,9512.00,-9.19,-5.34,999.00,-15.36,999.00,456.00,18.69,38.40,-24.17,-24.13,-27.45,-27.40,7.57,7.94,0.56,0.59,-25.96
1,2020,83.5833,259.00,243.74,66.64,-26.10,-26.08,-26.81,-25.48,78.30,85.90,6.10,6.40,41.20,113.90,767.50,2.37,2.33,999.00,999.00,999.00,-5.76,-6.61,9512.00,-9.19,-5.34,999.00,-15.36,999.00,456.00,18.69,38.40,-24.17,-24.13,-27.45,-27.40,7.57,7.94,0.56,0.59,-25.96
1,2020,83.5833,259.00,243.74,66.64,-26.10,-26.08,-26.81,-25.48,78.30,85.90,6.10,6.40,41.20,113.90,767.50,2.37,2.33,999.00,999.00,999.00,-5.76,-6.61,9512.00,-9.19,-5.34,999.00,-15.36,999.00,456.00,18.69,38.40,-24.17,-24.13,-27.45,-27.40,7.57,7.94,0.56,0.59,-25.96
1,2020,83.5833,259.00,243.74,66.64,-26.10,-26.08,-26.81,-25.48,78.30,85.90,6.10,6.40,41.20,113.90,767.50,2.37,2.33,999.00,999.00,999.00,-5.76,-6.61,9512.00,-9.19,-5.34,999.00,-15.36,999.00,456.00,18.69,38.40,-24.17,-24.13,-27.45,-27.40,7.57,7.94,0.56,0.59,-25.96
1,2020,83.5833,259.00,243.74,66.64,-26.10,-26.08,-26.81,-25.48,78.30,85.90,6.10,6.40,41.20,113.90,767.50,2.37,2.33,999.00,999.00,999.00,-5.76,-6.61,9512.00,-9.19,-5.34,999.00,-15.36,999.00,456.00,18.69,38.40,-24.17,-24.13,-27.45,-27.40,7.57,7.94,0.56,0.59,-25.96
1,2020,83.5833,259.00,243.74,66.64,-26.10,-26.08,-26.81,-25.48,78.30,85.90,6.10,6.40,41.20,113.90,767.50,2.37,2.33,999.00,999.00,999.00,-5.76,-6.61,9512.00,-9.19,-5.34,999.00,-15.36,999.00,456.00,18.69,38.40,-24.17,-24.13,-27.45,-27.40,7.57,7.94,0.56,0.59,-25.96
1,2020,83.5833,259.00,243.74,66.64,-26.10,-26.08,-26.81,-25.48,78.30,85.90,6.10,6.40,41.20,113.90,767.50,2.37,2.33,999.00,999.00,999.00,-5.76,-6.61,9512.00,-9.19,-5.34,999.00,-15.36,999.00,456.00,18.69,38.40,-24.17,-24.13,-27.45,-27.40,7.57,7.94,0.56,0.59,-25.96
1,2020,83.5833,259.00,243.74,66.64,-26.10,-26.08,-26.81,-25.48,78.30,85.90,6.10,6.40,41.20,113.90,767.50,2.37,2.33,999.00,999.00,999.00,-5.76,-6.61,9512.00,-9.19,-5.34,999.00,-15.36,999.00,456.00,18.69,38.40,-24.17,-24.13,-27.45,-27.40,7.57,7.94,0.56,0.59,-25.96
1,2020,83.6250,257.20,253.09,44.96,-23.59,-23.56,-26.81,-22.87,82.30,89.70,6.70,7.10,55.20,128.00,765.40,2.36,2.32,999.00,999.00,999.00,-5.74,-6.61,9503.00,-9.18,-5.33,999.00,-15.34,999.00,284.00,5.03,4.80,-22.96,-22.93,-24.39,-24.33,8.48,8.92,0.84,0.88,-23.57
1,2020,83.6667,309.60,301.62,63.52,-22.60,-22.59,-26.81,-21.77,83.00,90.60,6.60,6.90,42.60,123.90,763.50,2.35,2.32,999.00,999.00,999.00,-5.71,-6.57,9458.00,-9.12,-5.26,999.00,-15.30,999.00,350.00,7.19,6.40,-22.15,-22.14,-23.06,-23.06,8.29,8.83,0.61,0.64,-21.73
1,2020,83.7083,270.40,266.32,48.48,-21.83,-21.82,-26.81,-21.11,83.70,91.00,6.90,7.30,61.30,130.50,760.30,2.35,2.31,999.00,999.00,999.00,-5.68,-6.52,9402.00,-9.05,-5.17,999.00,-15.28,999.00,314.00,6.47,9.60,-21.28,-21.27,-22.29,-22.28,8.64,8.98,0.67,0.70,-20.61
1,2020,83.7083,270.40,266.32,48.48,-21.83,-21.82,-26.81,-21.11,83.70,91.00,6.90,7.30,61.30,130.50,760.30,2.35,2.31,999.00,999.00,999.00,-5.68,-6.52,9402.00,-9.05,-5.17,999.00,-15.28,999.00,314.00,6.47,9.60,-21.28,-21.27,-22.29,-22.28,8.64,8.98,0.67,0.70,-20.61
1,2020,83.7083,270.40,266.32,48.48,-21.83,-21.82,-26.81,-21.11,83.70,91.00,6.90,7.30,61.30,130.50,760.30,2.35,2.31,999.00,999.00,999.00,-5.68,-6.52,9402.00,-9.05,-5.17,999.00,-15.28,999.00,314.00,6.47,9.60,-21.28,-21.27,-22.29,-22.28,8.64,8.98,0.67,0.70,-20.61
1,2020,83.7083,270.40,266.32,48.48,-21.83,-21.82,-26.81,-21.11,83.70,91.00,6.90,7.30,61.30,130.50,760.30,2.35,2.31,999.00,999.00,999.00,-5.68,-6.52,9402.00,-9.05,-5.17,999.00,-15.28,999.00,314.00,6.47,9.60,-21.28,-21.27,-22.29,-22.28,8.64,8.98,0.67,0.70,-20.61
1,2020,83.7083,270.40,266.32,48.48,-21.83,-21.82,-26.81,-21.11,83.70,91.00,6.90,7.30,61.30,130.50,760.30,2.35,2.31,999.00,999.00,999.00,-5.68,-6.52,9402.00,-9.05,-5.17,999.00,-15.28,999.00,314.00,6.47,9.60,-21.28,-21.27,-22.29,-22.28,8.64,8.98,0.67,0.70,-20.61
1,2020,83.7083,270.40,266.32,48.48,-21.83,-21.82,-26.81,-21.11,83.70,91.00,6.90,7.30,61.30,130.50,760.30,2.35,2.31,999.00,999.00,999.00,-5.68,-6.52,9402.00,-9.05,-5.17,999.00,-15.28,999.00,314.00,6.47,9.60,-21.28,-21.27,-22.29,-22.28,8.64,8.98,0.67,0.70,-20.61
1,2020,83.7083,270.40,266.32,48.48,-21.83,-21.82,-26.81,-21.11,83.70,91.00,6.90,7.30,61.30,130.50,760.30,2.35,2.31,999.00,999.00,999.00,-5.68,-6.52,9402.00,-9.05,-5.17,999.00,-15.28,999.00,314.00,6.47,9.60,-21.28,-21.27,-22.29,-22.28,8.64,8.98,0.67,0.70,-20.61
1,2020,83.7083,270.40,266.32,48.48,-21.83,-21.82,-26.81,-21.11,83.70,91.00,6.90,7.30,61.30,130.50,760.30,2.35,2.31,999.00,999.00,999.00,-5.68,-6.52,9402.00,-9.05,-5.17,999.00,-15.28,999.00,314.00,6.47,9.60,-21.28,-21.27,-22.29,-22.28,8.64,8.98,0.67,0.70,-20.61
1,2020,83.7083,270.40,266.32,48.48,-21.83,-21.82,-26.81,-21.11,83.70,91.00,6.90,7.30,61.30,130.50,760.30,2.35,2.31,999.00,999.00,999.00,-5.68,-6.52,9402.00,-9.05,-5.17,999.00,-15.28,999.00,314.00,6.47,9.60,-21.28,-21.27,-22.29,-22.28,8.64,8.98,0.67,0.70,-20.61
1,2020,83.7083,270.40,266.32,48.48,-21.83,-21.82,-26.81,-21.11,83.70,91.00,6.90,7.30,61.30,130.50,760.30,2.35,2.31,999.00,999.00,999.00,-5.68,-6.52,9402.00,-9.05,-5.17,999.00,-15.28,999.00,314.00,6.47,9.60,-21.28,-21.27,-22.29,-22.28,8.64,8.98,0.67,0.70,-20.61
1,2020,83.7500,228.20,225.98,37.84,-21.18,-21.17,-26.82,-20.52,84.50,91.90,6.90,7.30,77.50,136.90,759.50,2.34,2.31,999.00,999.00,999.00,-5.67,-6.51,9395.00,-9.05,-5.15,999.00,-15.27,999.00,270.00,7.91,4.00,-20.95,-20.91,-21.43,-21.42,8.61,9.01,0.58,0.61,-20.16
1,2020,83.7917,166.60,163.79,31.76,-20.88,-20.86,-26.82,-20.27,85.90,93.40,5.70,6.00,86.60,138.40,759.00,2.34,2.31,999.00,999.00,999.00,-5.67,-6.51,9385.00,-9.03,-5.13,999.00,-15.27,999.00,200.00,5.03,3.20,-20.54,-20.53,-21.18,-21.16,7.39,7.78,0.66,0.69,-19.94
1,2020,83.8333,111.60,108.57,22.40,-20.53,-20.52,-26.82,-20.02,86.90,94.50,5.20,5.50,87.10,141.10,758.90,2.34,2.31,999.00,999.00,999.00,-5.67,-6.50,9384.00,-9.03,-5.13,999.00,-15.26,999.00,156.00,9.35,4.80,-20.37,-20.35,-20.74,-20.72,6.08,6.32,0.34,0.34,-19.77
1,2020,83.8333,111.60,108.57,22.40,-20.53,-20.52,-26.82,-20.02,86.90,94.50,5.20,5.50,87.10,141.10,758.90,2.34,2.31,999.00,999.00,999.00,-5.67,-6.50,9384.00,-9.03,-5.13,999.00,-15.26,999.00,156.00,9.35,4.80,-20.37,-20.35,-20.74,-20.72,6.08,6.32,0.34,0.34,-19.77
1,2020,83.8333,111.60,108.57,22.40,-20.53,-20.52,-26.82,-20.02,86.90,94.50,5.20,5.50,87.10,141.10,758.90,2.34,2.31,999.00,999.00,999.00,-5.67,-6.50,9384.00,-9.03,-5.13,999.00,-15.26,999.00,156.00,9.35,4.80,-20.37,-20.35,-20.74,-20.72,6.08,6.32,0.34,0.34,-19.77
1,2020,83.8333,111.60,108.57,22.40,-20.53,-20.52,-26.82,-20.02,86.90,94.50,5.20,5.50,87.10,141.10,758.90,2.34,2.31,999.00,999.00,999.00,-5.67,-6.50,9384.00,-9.03,-5.13,999.00,-15.26,999.00,156.00,9.35,4.80,-20.37,-20.35,-20.74,-20.72,6.08,6.32,0.34,0.34,-19.77
1,2020,83.8333,111.60,108.57,22.40,-20.53,-20.52,-26.82,-20.02,86.90,94.50,5.20,5.50,87.10,141.10,758.90,2.34,2.31,999.00,999.00,999.00,-5.67,-6.50,9384.00,-9.03,-5.13,999.00,-15.26,999.00,156.00,9.35,4.80,-20.37,-20.35,-20.74,-20.72,6.08,6.32,0.34,0.34,-19.77
1,2020,83.8333,111.60,108.57,22.40,-20.53,-20.52,-26.82,-20.02,86.90,94.50,5.20,5.50,87.10,141.10,758.90,2.34,2.31,999.00,999.00,999.00,-5.67,-6.50,9384.00,-9.03,-5.13,999.00,-15.26,999.00,156.00,9.35,4.80,-20.37,-20.35,-20.74,-20.72,6.08,6.32,0.34,0.34,-19.77
1,2020,83.8333,111.60,108.57,22.40,-20.53,-20.52,-26.82,-20.02,86.90,94.50,5.20,5.50,87.10,141.10,758.90,2.34,2.31,999.00,999.00,999.00,-5.67,-6.50,9384.00,-9.03,-5.13,999.00,-15.26,999.00,156.00,9.35,4.80,-20.37,-20.35,-20.74,-20.72,6.08,6.32,0.34,0.34,-19.77
1,2020,83.8333,111.60,108.57,22.40,-20.53,-20.52,-26.82,-20.02,86.90,94.50,5.20,5.50,87.10,141.10,758.90,2.34,2.31,999.00,999.00,999.00,-5.67,-6.50,9384.00,-9.03,-5.13,999.00,-15.26,999.00,156.00,9.35,4.80,-20.37,-20.35,-20.74,-20.72,6.08,6.32,0.34,0.34,-19.77
1,2020,83.8333,111.60,108.57,22.40,-20.53,-20.52,-26.82,-20.02,86.90,94.50,5.20,5.50,87.10,141.10,758.90,2.34,2.31,999.00,999.00,999.00,-5.67,-6.50,9384.00,-9.03,-5.13,999.00,-15.26,999.00,156.00,9.35,4.80,-20.37,-20.35,-20.74,-20.72,6.08,6.32,0.34,0.34,-19.77
1,2020,83.8333,111.60,108.57,22.40,-20.53,-20.52,-26.82,-20.02,86.90,94.50,5.20,5.50,87.10,141.10,758.90,2.34,2.31,999.00,999.00,999.00,-5.67,-6.50,9384.00,-9.03,-5.13,999.00,-15.26,999.00,156.00,9.35,4.80,-20.37,-20.35,-20.74,-20.72,6.08,6.32,0.34,0.34,-19.77
1,2020,83.8333,111.60,108.57,22.40,-20.53,-20.52,-26.82,-20.02,86.90,94.50,5.20,5.50,87.10,141.10,758.90,2.34,2.31,999.00,999.00,999.00,-5.67,-6.50,9384.00,-9.03,-5.13,999.00,-15.26,999.00,156.00,9.35,4.80,-20.37,-20.35,-20.74,-20.72,6.08,6.32,0.34,0.34,-19.77
1,2020,83.8750,50.40,48.53,12.32,-20.31,-20.29,-26.83,-19.90,88.40,96.00,4.70,5.00,110.00,146.30,760.40,2.34,2.30,999.00,999.00,999.00,-5.66,-6.50,9382.00,-9.03,-5.12,999.00,-15.25,999.00,82.00,5.03,4.00,-19.99,-19.97,-20.55,-20.55,5.67,5.99,0.48,0.50,-19.92
1,2020,83.9167,13.40,12.58,5.04,-20.28,-20.26,-26.83,-19.94,89.30,96.70,4.50,4.80,121.80,151.60,760.20,2.34,2.30,999.00,999.00,999.00,-5.67,-6.50,9381.00,-9.03,-5.12,999.00,-15.25,999.00,28.00,2.16,2.40,-20.06,-20.03,-20.54,-20.51,5.75,6.15,0.42,0.43,-20.08
1,2020,83.9583,1.20,0.65,5.04,-20.75,-20.72,-26.82,-20.38,88.90,96.30,4.00,4.30,97.90,143.40,760.70,2.34,2.30,999.00,999.00,999.00,-5.66,-6.49,9374.00,-9.02,-5.10,999.00,-15.24,999.00,4.00,0.00,2.40,-20.33,-20.30,-21.74,-21.72,5.51,5.76,0.49,0.49,-20.45
1,2020,83.9583,1.20,0.65,5.04,-20.75,-20.72,-26.82,-20.38,88.90,96.30,4.00,4.30,97.90,143.40,760.70,2.34,2.30,999.00,999.00,999.00,-5.66,-6.49,9374.00,-9.02,-5.10,999.00,-15.24,999.00,4.00,0.00,2.40,-20.33,-20.30,-21.74,-21.72,5.51,5.76,0.49,0.49,-20.45
1,2020,83.9583,1.20,0.65,5.04,-20.75,-20.72,-26.82,-20.38,88.90,96.30,4.00,4.30,97.90,143.40,760.70,2.34,2.30,999.00,999.00,999.00,-5.66,-6.49,9374.00,-9.02,-5.10,999.00,-15.24,999.00,4.00,0.00,2.40,-20.33,-20.30,-21.74,-21.72,5.51,5.76,0.49,0.49,-20.45
1,2020,83.9583,1.20,0.65,5.04,-20.75,-20.72,-26.82,-20.38,88.90,96.30,4.00,4.30,97.90,143.40,760.70,2.34,2.30,999.00,999.00,999.00,-5.66,-6.49,9374.00,-9.02,-5.10,999.00,-15.24,999.00,4.00,0.00,2.40,-20.33,-20.30,-21.74,-21.72,5.51,5.76,0.49,0.49,-20.45
1,2020,83.9583,1.20,0.65,5.04,-20.75,-20.72,-26.82,-20.38,88.90,96.30,4.00,4.30,97.90,143.40,760.70,2.34,2.30,999.00,999.00,999.00,-5.66,-6.49,9374.00,-9.02,-5.10,999.00,-15.24,999.00,4.00,0.00,2.40,-20.33,-20.30,-21.74,-21.72,5.51,5.76,0.49,0.49,-20.45
1,2020,83.9583,1.20,0.65,5.04,-20.75,-20.72,-26.82,-20.38,88.90,96.30,4.00,4.30,97.90,143.40,760.70,2.34,2.30,999.00,999.00,999.00,-5.66,-6.49,9374.00,-9.02,-5.10,999.00,-15.24,999.00,4.00,0.00,2.40,-20.33,-20.30,-21.74,-21.72,5.51,5.76,0.49,0.49,-20.45
1,2020,83.9583,1.20,0.65,5.04,-20.75,-20.72,-26.82,-20.38,88.90,96.30,4.00,4.30,97.90,143.40,760.70,2.34,2.30,999.00,999.00,999.00,-5.66,-6.49,9374.00,-9.02,-5.10,999.00,-15.24,999.00,4.00,0.00,2.40,-20.33,-20.30,-21.74,-21.72,5.51,5.76,0.49,0.49,-20.45
1,2020,83.9583,1.20,0.65,5.04,-20.75,-20.72,-26.82,-20.38,88.90,96.30,4.00,4.30,97.90,143.40,760.70,2.34,2.30,999.00,999.00,999.00,-5.66,-6.49,9374.00,-9.02,-5.10,999.00,-15.24,999.00,4.00,0.00,2.40,-20.33,-20.30,-21.74,-21.72,5.51,5.76,0.49,0.49,-20.45
1,2020,83.9583,1.20,0.65,5.04,-20.75,-20.72,-26.82,-20.38,88.90,96.30,4.00,4.30,97.90,143.40,760.70,2.34,2.30,999.00,999.00,999.00,-5.66,-6.49,9374.00,-9.02,-5.10,999.00,-15.24,999.00,4.00,0.00,2.40,-20.33,-20.30,-21.74,-21.72,5.51,5.76,0.49,0.49,-20.45
1,2020,83.9583,1.20,0.65,5.04,-20.75,-20.72,-26.82,-20.38,88.90,96.30,4.00,4.30,97.90,143.40,760.70,2.34,2.30,999.00,999.00,999.00,-5.66,-6.49,9374.00,-9.02,-5.10,999.00,-15.24,999.00,4.00,0.00,2.40,-20.33,-20.30,-21.74,-21.72,5.51,5.76,0.49,0.49,-20.45
1,2020,84.0000,0.60,0.00,6.56,-22.08,-22.08,-26.81,-21.75,87.60,95.10,6.20,6.60,42.20,122.00,761.10,2.35,2.31,999.00,999.00,999.00,-5.66,-6.48,9358.00,-9.00,-5.06,999.00,-15.24,999.00,0.00,0.00,3.20,-21.68,-21.67,-22.80,-22.82,7.30,7.63,0.50,0.51,-21.28
1,2020,84.0417,0.60,0.00,6.96,-23.20,-23.21,-26.81,-22.91,86.70,94.30,7.40,7.80,27.40,112.60,761.70,2.35,2.32,999.00,999.00,999.00,-5.67,-6.50,9370.00,-9.01,-5.07,999.00,-15.26,999.00,0.00,0.00,2.40,-22.61,-22.62,-23.68,-23.68,9.38,9.94,0.90,0.94,-22.40
1,2020,84.0833,0.60,0.00,13.60,-23.79,-23.79,-26.81,-23.52,86.30,93.90,8.20,8.70,28.10,113.10,761.80,2.36,2.32,999.00,999.00,999.00,-5.68,-6.51,9389.00,-9.03,-5.10,999.00,-15.27,999.00,0.00,0.00,4.80,-23.50,-23.49,-24.22,-24.20,9.77,10.33,0.56,0.58,-23.40
1,2020,84.0833,0.60,0.00,13.60,-23.79,-23.79,-26.81,-23.52,86.30,93.90,8.20,8.70,28.10,113.10,761.80,2.36,2.32,999.00,999.00,999.00,-5.68,-6.51,9389.00,-9.03,-5.10,999.00,-15.27,999.00,0.00,0.00,4.80,-23.50,-23.49,-24.22,-24.20,9.77,10.33,0.56,0.58,-23.40
1,2020,84.0833,0.60,0.00,13.60,-23.79,-23.79,-26.81,-23.52,86.30,93.90,8.20,8.70,28.10,113.10,761.80,2.36,2.32,999.00,999.00,999.00,-5.68,-6.51,9389.00,-9.03,-5.10,999.00,-15.27,999.00,0.00,0.00,4.80,-23.50,-23.49,-24.22,-24.20,9.77,10.33,0.56,0.58,-23.40
1,2020,84.0833,0.60,0.00,13.60,-23.79,-23.79,-26.81,-23.52,86.30,93.90,8.20,8.70,28.10,113.10,761.80,2.36,2.32,999.00,999.00,999.00,-5.68,-6.51,9389.00,-9.03,-5.10,999.00,-15.27,999.00,0.00,0.00,4.80,-23.50,-23.49,-24.22,-24.20,9.77,10.33,0.56,0.58,-23.40
1,2020,84.0833,0.60,0.00,13.60,-23.79,-23.79,-26.81,-23.52,86.30,93.90,8.20,8.70,28.10,113.10,761.80,2.36,2.32,999.00,999.00,999.00,-5.68,-6.51,9389.00,-9.03,-5.10,999.00,-15.27,999.00,0.00,0.00,4.80,-23.50,-23.49,-24.22,-24.20,9.77,10.33,0.56,0.58,-23.40
1,2020,84.0833,0.60,0.00,13.60,-23.79,-23.79,-26.81,-23.52,86.30,93.90,8.20,8.70,28.10,113.10,761.80,2.36,2.32,999.00,999.00,999.00,-5.68,-6.51,9389.00,-9.03,-5.10,999.00,-15.27,999.00,0.00,0.00,4.80,-23.50,-23.49,-24.22,-24.20,9.77,10.33,0.56,0.58,-23.40
1,2020,84.0833,0.60,0.00,13.60,-23.79,-23.79,-26.81,-23.52,86.30,93.90,8.20,8.70,28.10,113.10,761.80,2.36,2.32,999.00,999.00,999.00,-5.68,-6.51,9389.00,-9.03,-5.10,999.00,-15.27,999.00,0.00,0.00,4.80,-23.50,-23.49,-24.22,-24.20,9.77,10.33,0.56,0.58,-23.40
1,2020,84.0833,0.60,0.00,13.60,-23.79,-23.79,-26.81,-23.52,86.30,93.90,8.20,8.70,28.10,113.10,761.80,2.36,2.32,999.00,999.00,999.00,-5.68,-6.51,9389.00,-9.03,-5.10,999.00,-15.27,999.00,0.00,0.00,4.80,-23.50,-23.49,-24.22,-24.20,9.77,10.33,0.56,0.58,-23.40
1,2020,84.0833,0.60,0.00,13.60,-23.79,-23.79,-26.81,-23.52,86.30,93.90,8.20,8.70,28.10,113.10,761.80,2.36,2.32,999.00,999.00,999.00,-5.68,-6.51,9389.00,-9.03,-5.10,999.00,-15.27,999.00,0.00,0.00,4.80,-23.50,-23.49,-24.22,-24.20,9.77,10.33,0.56,0.58,-23.40
1,2020,84.0833,0.60,0.00,13.60,-23.79,-23.79,-26.81,-23.52,86.30,93.90,8.20,8.70,28.10,113.10,761.80,2.36,2.32,999.00,999.00,999.00,-5.68,-6.51,9389.00,-9.03,-5.10,999.00,-15.27,999.00,0.00,0.00,4.80,-23.50,-23.49,-24.22,-24.20,9.77,10.33,0.56,0.58,-23.40
1,2020,84.1250,0.60,0.00,13.20,-24.63,-24.62,-26.81,-24.34,85.20,93.00,8.30,8.80,32.70,112.00,763.60,2.36,2.32,999.00,999.00,999.00,-5.69,-6.53,9405.00,-9.05,-5.11,999.00,-15.28,999.00,0.00,0.00,3.20,-24.03,-24.00,-25.13,-25.14,9.74,10.36,0.60,0.63,-24.22
1,2020,84.1667,0.60,0.00,18.96,-25.83,-25.81,-26.81,-25.50,84.10,91.90,8.20,8.70,18.40,108.00,765.30,2.37,2.33,999.00,999.00,999.00,-5.70,-6.52,9399.00,-9.04,-5.10,999.00,-15.28,999.00,0.00,0.00,8.00,-24.91,-24.89,-27.06,-27.02,9.46,9.93,0.48,0.50,-25.08
1,2020,84.2083,0.40,0.00,24.88,-27.07,-27.03,-26.80,-26.78,83.20,91.00,9.10,9.60,32.40,109.20,765.00,2.37,2.33,999.00,999.00,999.00,-5.70,-6.53,9401.00,-9.04,-5.09,999.00,-15.30,999.00,0.00,0.00,4.00,-26.66,-26.64,-27.68,-27.64,11.10,11.71,0.84,0.87,-26.53
1,2020,84.2083,0.40,0.00,24.88,-27.07,-27.03,-26.80,-26.78,83.20,91.00,9.10,9.60,32.40,109.20,765.00,2.37,2.33,999.00,999.00,999.00,-5.70,-6.53,9401.00,-9.04,-5.09,999.00,-15.30,999.00,0.00,0.00,4.00,-26.66,-26.64,-27.68,-27.64,11.10,11.71,0.84,0.87,-26.53
1,2020,84.2083,0.40,0.00,24.88,-27.07,-27.03,-26.80,-26.78,83.20,91.00,9.10,9.60,32.40,109.20,765.00,2.37,2.33,999.00,999.00,999.00,-5.70,-6.53,9401.00,-9.04,-5.09,999.00,-15.30,999.00,0.00,0.00,4.00,-26.66,-26.64,-27.68,-27.64,11.10,11.71,0.84,0.87,-26.53
1,2020,84.2083,0.40,0.00,24.88,-27.07,-27.03,-26.80,-26.78,83.20,91.00,9.10,9.60,32.40,109.20,765.00,2.37,2.33,999.00,999.00,999.00,-5.70,-6.53,9401.00,-9.04,-5.09,999.00,-15.30,999.00,0.00,0.00,4.00,-26.66,-26.64,-27.68,-27.64,11.10,11.71,0.84,0.87,-26.53
1,2020,84.2083,0.40,0.00,24.88,-27.07,-27.03,-26.80,-26.78,83.20,91.00,9.10,9.60,32.40,109.20,765.00,2.37,2.33,999.00,999.00,999.00,-5.70,-6.53,9401.00,-9.04,-5.09,999.00,-15.30,999.00,0.00,0.00,4.00,-26.66,-26.64,-27.68,-27.64,11.10,11.71,0.84,0.87,-26.53
1,2020,84.2083,0.40,0.00,24.88,-27.07,-27.03,-26.80,-26.78,83.20,91.00,9.10,9.60,32.40,109.20,765.00,2.37,2.33,999.00,999.00,999.00,-5.70,-6.53,9401.00,-9.04,-5.09,999.00,-15.30,999.00,0.00,0.00,4.00,-26.66,-26.64,-27.68,-27.64,11.10,11.71,0.84,0.87,-26.53
1,2020,84.2083,0.40,0.00,24.88,-27.07,-27.03,-26.80,-26.78,83.20,91.00,9.10,9.60,32.40,109.20,765.00,2.37,2.33,999.00,999.00,999.00,-5.70,-6.53,9401.00,-9.04,-5.09,999.00,-15.30,999.00,0.00,0.00,4.00,-26.66,-26.64,-27.68,-27.64,11.10,11.71,0.84,0.87,-26.53
1,2020,84.2083,0.40,0.00,24.88,-27.07,-27.03,-26.80,-26.78,83.20,91.00,9.10,9.60,32.40,109.20,765.00,2.37,2.33,999.00,999.00,999.00,-5.70,-6.53,9401.00,-9.04,-5.09,999.00,-15.30,999.00,0.00,0.00,4.00,-26.66,-26.64,-27.68,-27.64,11.10,11.71,0.84,0.87,-26.53
1,2020,84.2083,0.40,0.00,24.88,-27.07,-27.03,-26.80,-26.78,83.20,91.00,9.10,9.60,32.40,109.20,765.00,2.37,2.33,999.00,999.00,999.00,-5.70,-6.53,9401.00,-9.04,-5.09,999.00,-15.30,999.00,0.00,0.00,4.00,-26.66,-26.64,-27.68,-27.64,11.10,11.71,0.84,0.87,-26.53
1,2020,84.2083,0.40,0.00,24.88,-27.07,-27.03,-26.80,-26.78,83.20,91.00,9.10,9.60,32.40,109.20,765.00,2.37,2.33,999.00,999.00,999.00,-5.70,-6.53,9401.00,-9.04,-5.09,999.00,-15.30,999.00,0.00,0.00,4.00,-26.66,-26.64,-27.68,-27.64,11.10,11.71,0.84,0.87,-26.53
1,2020,84.2500,0.40,0.00,25.76,-27.67,-27.64,-26.80,-27.36,82.90,90.60,10.60,11.30,23.90,110.70,761.00,2.37,2.34,999.00,999.00,999.00,-5.72,-6.56,9436.00,-9.08,-5.15,999.00,-15.35,999.00,0.00,0.00,2.40,-27.41,-27.39,-27.86,-27.82,12.15,12.88,0.54,0.55,-27.58
1,2020,84.2917,0.40,0.29,23.12,-27.60,-27.57,-26.82,-27.23,83.00,90.70,11.30,11.90,28.30,112.60,754.90,2.38,2.34,999.00,999.00,999.00,-5.76,-6.60,9483.00,-9.13,-5.21,999.00,-15.37,999.00,0.00,0.00,4.00,-26.89,-26.86,-28.28,-28.26,13.34,14.14,0.86,0.91,-27.86
1,2020,84.3333,0.40,0.72,19.68,-28.32,-28.32,-27.06,-27.98,82.40,90.00,11.70,12.30,38.10,109.50,746.10,2.38,2.34,999.00,999.00,999.00,-5.75,-6.59,9482.00,-9.13,-5.19,999.00,-15.36,999.00,0.00,0.00,4.80,-27.90,-27.88,-28.56,-28.60,13.93,14.75,0.90,0.95,-28.19
1,2020,84.3333,0.40,0.72,19.68,-28.32,-28.32,-27.06,-27.98,82.40,90.00,11.70,12.30,38.10,109.50,746.10,2.38,2.34,999.00,999.00,999.00,-5.75,-6.59,9482.00,-9.13,-5.19,999.00,-15.36,999.00,0.00,0.00,4.80,-27.90,-27.88,-28.56,-28.60,13.93,14.75,0.90,0.95,-28.19
1,2020,84.3333,0.40,0.72,19.68,-28.32,-28.32,-27.06,-27.98,82.40,90.00,11.70,12.30,38.10,109.50,746.10,2.38,2.34,999.00,999.00,999.00,-5.75,-6.59,9482.00,-9.13,-5.19,999.00,-15.36,999.00,0.00,0.00,4.80,-27.90,-27.88,-28.56,-28.60,13.93,14.75,0.90,0.95,-28.19
1,2020,84.3333,0.40,0.72,19.68,-28.32,-28.32,-27.06,-27.98,82.40,90.00,11.70,12.30,38.10,109.50,746.10,2.38,2.34,999.00,999.00,999.00,-5.75,-6.59,9482.00,-9.13,-5.19,999.00,-15.36,999.00,0.00,0.00,4.80,-27.90,-27.88,-28.56,-28.60,13.93,14.75,0.90,0.95,-28.19
1,2020,84.3333,0.40,0.72,19.68,-28.32,-28.32,-27.06,-27.98,82.40,90.00,11.70,12.30,38.10,109.50,746.10,2.38,2.34,999.00,999.00,999.00,-5.75,-6.59,9482.00,-9.13,-5.19,999.00,-15.36,999.00,0.00,0.00,4.80,-27.90,-27.88,-28.56,-28.60,13.93,14.75,0.90,0.95,-28.19
1,2020,84.3333,0.40,0.72,19.68,-28.32,-28.32,-27.06,-27.98,82.40,90.00,11.70,12.30,38.10,109.50,746.10,2.38,2.34,999.00,999.00,999.00,-5.75,-6.59,9482.00,-9.13,-5.19,999.00,-15.36,999.00,0.00,0.00,4.80,-27.90,-27.88,-28.56,-28.60,13.93,14.75,0.90,0.95,-28.19
1,2020,84.3333,0.40,0.72,19.68,-28.32,-28.32,-27.06,-27.98,82.40,90.00,11.70,12.30,38.10,109.50,746.10,2.38,2.34,999.00,999.00,999.00,-5.75,-6.59,9482.00,-9.13,-5.19,999.00,-15.36,999.00,0.00,0.00,4.80,-27.90,-27.88,-28.56,-28.60,13.93,14.75,0.90,0.95,-28.19
1,2020,84.3333,0.40,0.72,19.68,-28.32,-28.32,-27.06,-27.98,82.40,90.00,11.70,12.30,38.10,109.50,746.10,2.38,2.34,999.00,999.00,999.00,-5.75,-6.59,9482.00,-9.13,-5.19,999.00,-15.36,999.00,0.00,0.00,4.80,-27.90,-27.88,-28.56,-28.60,13.93,14.75,0.90,0.95,-28.19
1,2020,84.3333,0.40,0.72,19.68,-28.32,-28.32,-27.06,-27.98,82.40,90.00,11.70,12.30,38.10,109.50,746.10,2.38,2.34,999.00,999.00,999.00,-5.75,-6.59,9482.00,-9.13,-5.19,999.00,-15.36,999.00,0.00,0.00,4.80,-27.90,-27.88,-28.56,-28.60,13.93,14.75,0.90,0.95,-28.19
1,2020,84.3333,0.40,0.72,19.68,-28.32,-28.32,-27.06,-27.98,82.40,90.00,11.70,12.30,38.10,109.50,746.10,2.38,2.34,999.00,999.00,999.00,-5.75,-6.59,9482.00,-9.13,-5.19,999.00,-15.36,999.00,0.00,0.00,4.80,-27.90,-27.88,-28.56,-28.60,13.93,14.75,0.90,0.95,-28.19
1,2020,84.3750,1.60,2.09,12.96,-27.54,-27.59,-26.83,-27.24,83.20,90.80,11.30,11.90,30.10,104.60,749.70,2.37,2.34,999.00,999.00,999.00,-5.79,-6.64,9537.00,-9.19,-5.27,999.00,-15.37,999.00,6.00,0.72,3.20,-26.60,-26.73,-28.39,-28.38,13.04,13.69,0.81,0.84,-28.18
1,2020,84.4167,21.20,20.64,17.60,-26.41,-26.46,-26.80,-26.04,83.90,91.50,11.90,12.60,26.60,107.10,743.40,2.36,2.33,999.00,999.00,999.00,-5.79,-6.64,9535.00,-9.19,-5.28,999.00,-15.36,999.00,40.00,3.60,3.20,-26.10,-26.17,-26.80,-26.90,13.97,14.77,0.84,0.87,-27.11
1,2020,84.4583,64.00,61.83,27.44,-26.26,-26.26,-26.81,-25.84,83.80,91.40,12.60,13.30,28.10,113.50,727.30,2.37,2.33,999.00,999.00,999.00,-5.75,-6.60,9495.00,-9.14,-5.42,999.00,-15.62,999.00,90.00,4.31,4.80,-25.77,-25.72,-26.64,-26.66,15.07,15.63,0.70,0.73,-26.33
1,2020,84.4583,64.00,61.83,27.44,-26.26,-26.26,-26.81,-25.84,83.80,91.40,12.60,13.30,28.10,113.50,727.30,2.37,2.33,999.00,999.00,999.00,-5.75,-6.60,9495.00,-9.14,-5.42,999.00,-15.62,999.00,90.00,4.31,4.80,-25.77,-25.72,-26.64,-26.66,15.07,15.63,0.70,0.73,-26.33
1,2020,84.4583,64.00,61.83,27.44,-26.26,-26.26,-26.81,-25.84,83.80,91.40,12.60,13.30,28.10,113.50,727.30,2.37,2.33,999.00,999.00,999.00,-5.75,-6.60,9495.00,-9.14,-5.42,999.00,-15.62,999.00,90.00,4.31,4.80,-25.77,-25.72,-26.64,-26.66,15.07,15.63,0.70,0.73,-26.33
1,2020,84.4583,64.00,61.83,27.44,-26.26,-26.26,-26.81,-25.84,83.80,91.40,12.60,13.30,28.10,113.50,727.30,2.37,2.33,999.00,999.00,999.00,-5.75,-6.60,9495.00,-9.14,-5.42,999.00,-15.62,999.00,90.00,4.31,4.80,-25.77,-25.72,-26.64,-26.66,15.07,15.63,0.70,0.73,-26.33
1,2020,84.4583,64.00,61.83,27.44,-26.26,-26.26,-26.81,-25.84,83.80,91.40,12.60,13.30,28.10,113.50,727.30,2.37,2.33,999.00,999.00,999.00,-5.75,-6.60,9495.00,-9.14,-5.42,999.00,-15.62,999.00,90.00,4.31,4.80,-25.77,-25.72,-26.64,-26.66,15.07,15.63,0.70,0.73,-26.33
1,2020,84.4583,64.00,61.83,27.44,-26.26,-26.26,-26.81,-25.84,83.80,91.40,12.60,13.30,28.10,113.50,727.30,2.37,2.33,999.00,999.00,999.00,-5.75,-6.60,9495.00,-9.14,-5.42,999.00,-15.62,999.00,90.00,4.31,4.80,-25.77,-25.72,-26.64,-26.66,15.07,15.63,0.70,0.73,-26.33
1,2020,84.4583,64.00,61.83,27.44,-26.26,-26.26,-26.81,-25.84,83.80,91.40,12.60,13.30,28.10,113.50,727.30,2.37,2.33,999.00,999.00,999.00,-5.75,-6.60,9495.00,-9.14,-5.42,999.00,-15.62,999.00,90.00,4.31,4.80,-25.77,-25.72,-26.64,-26.66,15.07,15.63,0.70,0.73,-26.33
1,2020,84.4583,64.00,61.83,27.44,-26.26,-26.26,-26.81,-25.84,83.80,91.40,12.60,13.30,28.10,113.50,727.30,2.37,2.33,999.00,999.00,999.00,-5.75,-6.60,9495.00,-9.14,-5.42,999.00,-15.62,999.00,90.00,4.31,4.80,-25.77,-25.72,-26.64,-26.66,15.07,15.63,0.70,0.73,-26.33
1,2020,84.4583,64.00,61.83,27.44,-26.26,-26.26,-26.81,-25.84,83.80,91.40,12.60,13.30,28.10,113.50,727.30,2.37,2.33,999.00,999.00,999.00,-5.75,-6.60,9495.00,-9.14,-5.42,999.00,-15.62,999.00,90.00,4.31,4.80,-25.77,-25.72,-26.64,-26.66,15.07,15.63,0.70,0.73,-26.33
1,2020,84.4583,64.00,61.83,27.44,-26.26,-26.26,-26.81,-25.84,83.80,91.40,12.60,13.30,28.10,113.50,727.30,2.37,2.33,999.00,999.00,999.00,-5.75,-6.60,9495.00,-9.14,-5.42,999.00,-15.62,999.00,90.00,4.31,4.80,-25.77,-25.72,-26.64,-26.66,15.07,15.63,0.70,0.73,-26.33
1,2020,84.5000,117.40,113.67,31.52,-25.10,-25.14,-26.81,-24.66,84.30,92.00,12.40,13.10,32.30,116.80,736.70,2.37,2.32,999.00,999.00,999.00,-5.78,-6.63,9527.00,-9.18,-5.27,999.00,-15.37,999.00,138.00,5.75,3.20,-24.23,-24.23,-25.91,-25.97,14.33,15.18,0.72,0.76,-25.49
1,2020,84.5417,173.60,169.11,32.32,-23.54,-23.64,-26.81,-23.06,85.20,92.80,12.10,12.70,40.10,125.50,754.10,2.36,2.32,999.00,999.00,999.00,-5.78,-6.64,9535.00,-9.19,-5.30,999.00,-15.42,999.00,198.00,6.47,3.20,-22.79,-22.95,-24.57,-24.57,14.05,14.74,0.68,0.70,-23.84
1,2020,84.5833,222.80,216.92,38.00,-22.26,-22.36,-26.81,-21.77,85.80,93.30,11.40,12.10,61.00,132.80,760.00,2.35,2.31,999.00,999.00,999.00,-5.75,-6.60,9505.00,-9.16,-5.26,999.00,-15.34,999.00,276.00,10.07,4.80,-21.64,-21.64,-22.96,-23.10,13.63,14.11,0.73,0.76,-22.21
1,2020,84.6250,258.20,251.07,45.76,-21.07,-21.06,-26.81,-20.51,86.10,93.60,10.40,10.90,65.40,132.30,764.30,2.35,2.31,999.00,999.00,999.00,-5.72,-6.57,9475.00,-9.14,-5.24,999.00,-15.28,999.00,302.00,8.63,4.80,-20.54,-20.54,-21.67,-21.73,11.97,12.78,0.57,0.58,-20.69
1,2020,84.6667,255.60,250.36,44.64,-19.95,-19.92,-26.85,-19.37,86.80,94.30,10.10,10.60,42.00,130.60,763.50,2.34,2.30,999.00,999.00,999.00,-5.71,-6.56,9459.00,-9.12,-5.22,999.00,-15.26,999.00,308.00,9.35,5.60,-19.29,-19.23,-20.62,-20.62,11.38,11.81,0.49,0.50,-19.55
1,2020,84.7083,255.40,250.36,51.36,-19.11,-19.08,-26.86,-18.48,87.20,94.60,9.30,9.80,56.10,128.40,762.70,2.34,2.30,999.00,999.00,999.00,-5.69,-6.54,9436.00,-9.10,-5.19,999.00,-15.24,999.00,302.00,7.91,8.00,-18.60,-18.59,-19.43,-19.40,10.71,11.24,0.67,0.70,-18.38
1,2020,84.7083,255.40,250.36,51.36,-19.11,-19.08,-26.86,-18.48,87.20,94.60,9.30,9.80,56.10,128.40,762.70,2.34,2.30,999.00,999.00,999.00,-5.69,-6.54,9436.00,-9.10,-5.19,999.00,-15.24,999.00,302.00,7.91,8.00,-18.60,-18.59,-19.43,-19.40,10.71,11.24,0.67,0.70,-18.38
1,2020,84.7500,219.80,216.99,40.32,-18.30,-18.26,-26.89,-17.71,88.30,95.30,8.90,9.40,83.80,133.50,762.00,2.33,2.30,999.00,999.00,999.00,-5.68,-6.53,9421.00,-9.08,-5.17,999.00,-15.23,999.00,240.00,3.60,4.00,-17.86,-17.83,-18.69,-18.65,10.51,11.11,0.83,0.87,-17.71
1,2020,84.7917,169.00,166.52,37.60,-17.70,-17.65,-26.89,-17.13,89.20,96.40,8.40,8.90,85.50,136.40,761.10,2.33,2.29,999.00,999.00,999.00,-5.66,-6.51,9400.00,-9.06,-5.14,999.00,-15.22,999.00,200.00,5.03,3.20,-17.55,-17.49,-17.89,-17.84,9.85,10.44,0.54,0.56,-17.20
1,2020,84.8333,115.80,114.18,30.72,-17.73,-17.68,-26.89,-17.23,90.10,97.20,7.20,7.70,96.00,138.60,761.60,2.33,2.29,999.00,999.00,999.00,-5.65,-6.49,9377.00,-9.03,-5.10,999.00,-15.20,999.00,148.00,5.75,3.20,-17.56,-17.53,-17.89,-17.83,8.24,8.71,0.35,0.37,-17.17
1,2020,84.8333,115.80,114.18,30.72,-17.73,-17.68,-26.89,-17.23,90.10,97.20,7.20,7.70,96.00,138.60,761.60,2.33,2.29,999.00,999.00,999.00,-5.65,-6.49,9377.00,-9.03,-5.10,999.00,-15.20,999.00,148.00,5.75,3.20,-17.56,-17.53,-17.89,-17.83,8.24,8.71,0.35,0.37,-17.17
1,2020,84.8750,54.00,52.63,21.68,-17.80,-17.75,-26.89,-17.40,91.00,98.20,7.30,7.80,94.70,142.60,761.90,2.33,2.29,999.00,999.00,999.00,-5.64,-6.48,9372.00,-9.02,-5.09,999.00,-15.20,999.00,82.00,5.03,2.40,-17.68,-17.64,-17.96,-17.91,8.22,8.67,0.34,0.34,-17.50
1,2020,84.9167,14.20,13.66,18.80,-18.28,-18.22,-26.89,-17.89,90.20,97.60,7.20,7.60,95.20,138.00,763.40,2.33,2.30,999.00,999.00,999.00,-5.64,-6.48,9365.00,-9.02,-5.07,999.00,-15.20,999.00,32.00,2.88,2.40,-17.91,-17.84,-18.64,-18.56,8.10,8.50,0.29,0.31,-18.07
1,2020,84.9583,1.00,0.50,16.08,-18.83,-18.76,-26.89,-18.47,89.60,97.00,6.90,7.40,68.70,130.10,764.50,2.34,2.30,999.00,999.00,999.00,-5.66,-6.49,9388.00,-9.04,-5.09,999.00,-15.21,999.00,4.00,0.00,3.20,-18.55,-18.48,-19.14,-19.09,7.97,8.46,0.39,0.40,-18.85
1,2020,84.9583,1.00,0.50,16.08,-18.83,-18.76,-26.89,-18.47,89.60,97.00,6.90,7.40,68.70,130.10,764.50,2.34,2.30,999.00,999.00,999.00,-5.66,-6.49,9388.00,-9.04,-5.09,999.00,-15.21,999.00,4.00,0.00,3.20,-18.55,-18.48,-19.14,-19.09,7.97,8.46,0.39,0.40,-18.85
1,2020,85.0000,0.60,0.00,16.08,-18.81,-18.73,-26.89,-18.46,90.70,98.00,6.70,7.10,56.50,128.90,764.70,2.34,2.30,999.00,999.00,999.00,-5.68,-6.52,9415.00,-9.08,-5.14,999.00,-15.23,999.00,0.00,0.00,4.00,-18.36,-18.29,-19.23,-19.17,7.70,8.28,0.47,0.50,-19.24
1,2020,85.0417,0.60,0.00,14.72,-18.58,-18.50,-26.89,-18.23,91.10,98.30,7.20,7.70,68.80,130.90,765.10,2.33,2.30,999.00,999.00,999.00,-5.69,-6.53,9430.00,-9.09,-5.16,999.00,-15.23,999.00,0.00,0.00,5.60,-18.22,-18.16,-18.83,-18.73,8.21,8.75,0.38,0.39,-19.17
1,2020,85.0833,0.40,0.00,12.00,-17.95,-17.89,-26.89,-17.61,91.60,98.80,7.40,7.90,66.70,133.60,766.30,2.33,2.29,999.00,999.00,999.00,-5.69,-6.54,9442.00,-9.11,-5.18,999.00,-15.23,999.00,0.00,0.00,3.20,-17.73,-17.69,-18.28,-18.18,8.64,9.11,0.39,0.40,-18.67
1,2020,85.0833,0.40,0.00,12.00,-17.95,-17.89,-26.89,-17.61,91.60,98.80,7.40,7.90,66.70,133.60,766.30,2.33,2.29,999.00,999.00,999.00,-5.69,-6.54,9442.00,-9.11,-5.18,999.00,-15.23,999.00,0.00,0.00,3.20,-17.73,-17.69,-18.28,-18.18,8.64,9.11,0.39,0.40,-18.67
1,2020,85.1250,0.40,0.00,9.76,-17.38,-17.32,-26.89,-17.05,92.10,99.20,6.70,7.10,78.20,133.80,765.70,2.33,2.29,999.00,999.00,999.00,-5.69,-6.54,9436.00,-9.10,-5.18,999.00,-15.23,999.00,0.00,0.00,4.00,-17.02,-16.99,-17.86,-17.81,8.43,8.98,0.56,0.58,-18.10
1,2020,85.1667,0.40,0.00,2.72,-16.88,-16.83,-26.89,-16.55,92.60,99.60,6.50,6.90,81.00,133.70,764.80,2.33,2.29,999.00,999.00,999.00,-5.68,-6.54,9432.00,-9.10,-5.17,999.00,-15.22,999.00,0.00,0.00,3.20,-16.44,-16.41,-17.39,-17.31,7.88,8.28,0.37,0.39,-17.53
1,2020,85.2083,0.40,0.00,13.44,-16.71,-16.65,-26.89,-16.36,92.70,99.70,6.60,7.10,82.80,134.60,763.40,2.33,2.29,999.00,999.00,999.00,-5.66,-6.51,9401.00,-9.06,-5.12,999.00,-15.21,999.00,0.00,0.00,4.00,-16.43,-16.37,-17.03,-16.96,7.95,8.43,0.42,0.44,-17.03
1,2020,85.2500,0.40,0.00,14.32,-16.53,-16.46,-26.89,-16.19,93.00,100.00,7.00,7.50,83.00,139.40,763.90,2.33,2.29,999.00,999.00,999.00,-5.66,-6.51,9408.00,-9.07,-5.14,999.00,-15.20,999.00,0.00,0.00,6.40,-15.97,-15.93,-16.86,-16.77,7.87,8.36,0.33,0.35,-17.09
1,2020,85.2917,0.40,0.00,11.84,-16.19,-16.13,-26.89,-15.84,93.20,100.10,6.80,7.30,100.80,142.20,762.00,2.32,2.28,999.00,999.00,999.00,-5.67,-6.52,9419.00,-9.08,-5.15,999.00,-15.21,999.00,0.00,0.00,5.60,-15.83,-15.78,-16.40,-16.33,7.78,8.21,0.31,0.30,-16.74
1,2020,85.3333,0.40,0.00,8.56,-15.72,-15.67,-26.89,-15.37,93.70,100.50,6.90,7.40,114.30,145.70,760.30,2.32,2.28,999.00,999.00,999.00,-5.68,-6.53,9430.00,-9.10,-5.17,999.00,-15.21,999.00,0.00,0.00,3.20,-15.51,-15.45,-15.89,-15.85,8.23,8.84,0.41,0.42,-16.27
1,2020,85.3333,0.40,0.00,8.56,-15.72,-15.67,-26.89,-15.37,93.70,100.50,6.90,7.40,114.30,145.70,760.30,2.32,2.28,999.00,999.00,999.00,-5.68,-6.53,9430.00,-9.10,-5.17,999.00,-15.21,999.00,0.00,0.00,3.20,-15.51,-15.45,-15.89,-15.85,8.23,8.84,0.41,0.42,-16.27
1,2020,85.3750,1.20,0.72,2.80,-15.30,-15.26,-26.89,-14.97,94.00,100.80,6.20,6.70,128.70,149.30,760.30,2.32,2.27,999.00,999.00,999.00,-5.68,-6.52,9425.00,-9.09,-5.16,999.00,-15.20,999.00,4.00,0.72,4.00,-14.94,-14.93,-15.64,-15.59,6.99,7.34,0.26,0.26,-15.83
1,2020,85.4167,16.80,15.39,4.96,-15.03,-15.01,-26.89,-14.71,94.10,100.80,6.60,7.00,129.10,151.30,759.20,2.32,2.28,999.00,999.00,999.00,-5.67,-6.51,9413.00,-9.08,-5.14,999.00,-15.19,999.00,36.00,3.60,2.40,-14.73,-14.71,-15.19,-15.16,7.43,7.92,0.33,0.34,-15.26
1,2020,85.4583,57.00,52.77,13.36,-14.70,-14.68,-26.89,-14.30,94.10,100.80,6.90,7.40,133.60,150.80,753.70,2.32,2.28,999.00,999.00,999.00,-5.67,-6.52,9415.00,-9.08,-5.15,999.00,-15.18,999.00,76.00,4.31,4.80,-14.57,-14.56,-14.80,-14.78,8.16,8.57,0.43,0.45,-14.77
1,2020,85.4583,57.00,52.77,13.36,-14.70,-14.68,-26.89,-14.30,94.10,100.80,6.90,7.40,133.60,150.80,753.70,2.32,2.28,999.00,999.00,999.00,-5.67,-6.52,9415.00,-9.08,-5.15,999.00,-15.18,999.00,76.00,4.31,4.80,-14.57,-14.56,-14.80,-14.78,8.16,8.57,0.43,0.45,-14.77
1,2020,85.5000,113.40,105.12,29.92,-14.72,-14.71,-26.89,-14.24,93.70,100.50,7.70,8.20,118.00,146.60,749.00,2.32,2.26,999.00,999.00,999.00,-5.66,-6.50,9399.00,-9.06,-5.12,999.00,-15.18,999.00,152.00,7.91,5.60,-14.62,-14.61,-14.84,-14.81,9.36,9.92,0.59,0.61,-14.44
1,2020,85.5417,171.20,161.20,32.08,-14.48,-14.47,-26.89,-13.94,93.30,100.30,8.50,9.00,122.80,146.70,744.50,2.31,2.25,999.00,999.00,999.00,-5.67,-6.52,9412.00,-9.08,-5.14,999.00,-15.20,999.00,184.00,3.60,6.40,-14.09,-14.08,-14.72,-14.70,10.00,10.54,0.49,0.51,-14.09
1,2020,85.5833,180.40,172.06,24.08,-13.86,-13.85,-26.89,-13.34,93.80,100.80,8.50,9.00,144.80,156.70,738.60,2.31,2.25,999.00,999.00,999.00,-5.66,-6.52,9414.00,-9.08,-5.14,999.00,-15.22,999.00,228.00,5.03,4.00,-13.53,-13.44,-14.12,-14.12,11.00,11.79,0.82,0.86,-13.34
1,2020,85.5833,180.40,172.06,24.08,-13.86,-13.85,-26.89,-13.34,93.80,100.80,8.50,9.00,144.80,156.70,738.60,2.31,2.25,999.00,999.00,999.00,-5.66,-6.52,9414.00,-9.08,-5.14,999.00,-15.22,999.00,228.00,5.03,4.00,-13.53,-13.44,-14.12,-14.12,11.00,11.79,0.82,0.86,-13.34
1,2020,85.6250,236.40,226.13,22.24,-13.86,-13.83,-26.89,-13.32,93.50,100.60,9.00,9.60,166.00,169.60,735.20,2.31,2.25,999.00,999.00,999.00,-5.64,-6.48,9378.00,-9.03,-5.09,999.00,-15.21,999.00,250.00,2.88,5.60,-13.72,-13.67,-14.01,-13.97,10.72,11.28,0.61,0.63,-12.79
1,2020,85.6667,241.40,231.23,16.16,-13.81,-13.75,-26.89,-13.26,93.50,100.70,9.40,10.10,174.00,178.10,733.40,2.31,2.26,999.00,999.00,999.00,-5.64,-6.48,9371.00,-9.03,-5.08,999.00,-15.25,999.00,252.00,2.16,4.00,-13.73,-13.66,-13.89,-13.83,11.43,12.13,0.76,0.80,-12.72
1,2020,85.7083,224.00,214.62,9.04,-13.76,-13.73,-26.90,-13.20,93.60,100.70,8.30,8.80,181.50,185.50,743.30,2.31,2.26,999.00,999.00,999.00,-5.63,-6.47,9370.00,-9.03,-5.08,999.00,-15.19,999.00,266.00,7.19,11.20,-13.66,-13.62,-14.37,-14.59,9.90,10.53,0.67,0.69,-12.68
1,2020,85.7083,224.00,214.62,9.04,-13.76,-13.73,-26.90,-13.20,93.60,100.70,8.30,8.80,181.50,185.50,743.30,2.31,2.26,999.00,999.00,999.00,-5.63,-6.47,9370.00,-9.03,-5.08,999.00,-15.19,999.00,266.00,7.19,11.20,-13.66,-13.62,-14.37,-14.59,9.90,10.53,0.67,0.69,-12.68
1,2020,85.7500,186.40,178.31,-34.24,-15.28,-15.49,-26.89,-14.95,92.40,99.60,7.60,8.00,242.00,245.30,747.90,2.32,2.25,999.00,999.00,999.00,-5.63,-6.47,9365.00,-9.01,-5.03,999.00,-15.14,999.00,216.00,5.03,4.80,-14.41,-14.54,-15.79,-16.03,9.31,9.87,0.73,0.76,-13.32
1,2020,85.7917,165.40,158.25,-32.56,-15.92,-16.19,-26.89,-15.71,92.20,99.40,6.40,6.80,245.40,248.60,752.30,2.31,2.22,999.00,999.00,999.00,-5.64,-6.49,9388.00,-9.04,-5.07,999.00,-15.16,999.00,170.00,1.44,3.20,-15.73,-16.00,-16.17,-16.38,8.66,9.04,0.94,0.98,-14.63
1,2020,85.8333,126.20,120.43,-25.76,-16.63,-16.86,-26.89,-16.37,91.40,99.00,5.70,6.10,245.40,248.80,755.50,2.29,2.23,999.00,999.00,999.00,-5.66,-6.50,9395.00,-9.05,-5.08,999.00,-15.18,999.00,158.00,7.91,6.40,-16.07,-16.32,-17.61,-17.83,8.18,8.57,0.98,1.03,-15.35
1,2020,85.8750,65.60,62.34,-11.68,-18.38,-18.50,-26.82,-18.12,90.60,98.10,7.30,7.70,255.60,259.10,755.10,2.32,2.23,999.00,999.00,999.00,-5.65,-6.49,9383.00,-9.03,-5.03,999.00,-15.18,999.00,86.00,5.75,4.00,-17.59,-17.77,-19.03,-19.15,9.28,9.73,0.60,0.63,-16.72
1,2020,85.9167,21.80,20.71,-0.40,-19.45,-19.51,-26.82,-19.22,90.30,97.70,8.50,9.00,246.70,250.50,756.10,2.33,2.25,999.00,999.00,999.00,-5.67,-6.51,9407.00,-9.05,-5.06,999.00,-15.21,999.00,36.00,3.60,2.40,-19.04,-19.13,-19.69,-19.72,10.02,10.58,0.84,0.89,-18.32
1,2020,85.9583,1.80,1.44,4.40,-20.21,-20.24,-26.82,-19.92,89.80,97.10,7.60,8.10,224.00,228.30,760.00,2.34,2.25,999.00,999.00,999.00,-5.68,-6.52,9412.00,-9.06,-5.08,999.00,-15.23,999.00,8.00,0.72,1.60,-19.69,-19.72,-20.73,-20.77,9.02,9.71,0.69,0.72,-19.47
1,2020,85.9583,1.80,1.44,4.40,-20.21,-20.24,-26.82,-19.92,89.80,97.10,7.60,8.10,224.00,228.30,760.00,2.34,2.25,999.00,999.00,999.00,-5.68,-6.52,9412.00,-9.06,-5.08,999.00,-15.23,999.00,8.00,0.72,1.60,-19.69,-19.72,-20.73,-20.77,9.02,9.71,0.69,0.72,-19.47
1,2020,86.0000,0.60,0.00,9.28,-21.24,-21.26,-26.81,-20.97,89.00,96.40,6.50,7.00,216.00,219.00,765.40,2.34,2.26,999.00,999.00,999.00,-5.68,-6.52,9412.00,-9.06,-5.08,999.00,-15.22,999.00,0.00,0.00,4.00,-20.70,-20.71,-21.71,-21.72,8.26,8.81,0.99,1.05,-20.52
1,2020,86.0417,0.60,0.00,14.40,-22.23,-22.24,-26.81,-21.95,88.20,95.60,7.80,8.30,215.40,219.70,770.30,2.35,2.27,999.00,999.00,999.00,-5.70,-6.53,9424.00,-9.07,-5.09,999.00,-15.24,999.00,0.00,0.00,4.00,-21.54,-21.55,-22.66,-22.67,10.28,10.84,1.05,1.13,-21.57
1,2020,86.0833,0.60,0.00,13.76,-22.80,-22.80,-26.81,-22.53,87.70,95.20,5.80,6.20,209.80,213.90,773.40,2.35,2.26,999.00,999.00,999.00,-5.72,-6.56,9455.00,-9.11,-5.14,999.00,-15.25,999.00,0.00,0.00,4.80,-22.64,-22.64,-22.93,-22.92,9.47,10.21,1.23,1.31,-22.53
1,2020,86.1250,0.60,0.00,16.72,-23.11,-23.10,-26.81,-22.78,87.40,94.90,5.40,5.80,206.50,209.90,774.50,2.35,2.26,999.00,999.00,999.00,-5.72,-6.56,9465.00,-9.12,-5.16,999.00,-15.25,999.00,0.00,0.00,8.80,-22.72,-22.75,-24.03,-23.95,7.15,7.63,0.60,0.62,-22.92
1,2020,86.1667,0.60,0.00,17.76,-24.23,-24.19,-26.81,-23.93,86.60,94.10,5.40,5.80,177.90,182.00,775.20,2.36,2.26,999.00,999.00,999.00,-5.73,-6.56,9454.00,-9.10,-5.12,999.00,-15.25,999.00,0.00,0.00,12.00,-23.62,-23.61,-24.83,-24.82,6.75,7.21,0.71,0.74,-23.86
1,2020,86.2083,0.60,0.00,9.28,-23.83,-23.82,-26.81,-23.52,86.80,94.30,5.10,5.40,166.70,170.70,776.30,2.35,2.26,999.00,999.00,999.00,-5.76,-6.61,9517.00,-9.18,-5.23,999.00,-15.28,999.00,0.00,0.00,1.60,-23.66,-23.67,-24.06,-24.06,6.99,7.40,0.71,0.75,-24.14
1,2020,86.2083,0.60,0.00,9.28,-23.83,-23.82,-26.81,-23.52,86.80,94.30,5.10,5.40,166.70,170.70,776.30,2.35,2.26,999.00,999.00,999.00,-5.76,-6.61,9517.00,-9.18,-5.23,999.00,-15.28,999.00,0.00,0.00,1.60,-23.66,-23.67,-24.06,-24.06,6.99,7.40,0.71,0.75,-24.14
1,2020,86.2500,0.60,0.00,12.40,-24.09,-24.09,-26.81,-23.80,86.60,94.00,6.60,7.00,187.40,191.40,774.90,2.36,2.26,999.00,999.00,999.00,-5.76,-6.60,9502.00,-9.17,-5.20,999.00,-15.27,999.00,0.00,0.00,4.00,-23.76,-23.76,-24.50,-24.49,8.72,9.13,0.72,0.76,-24.06
1,2020,86.2917,0.60,0.00,16.72,-24.82,-24.81,-26.81,-24.51,85.90,93.40,5.90,6.40,188.90,193.00,774.80,2.36,2.26,999.00,999.00,999.00,-5.75,-6.59,9484.00,-9.14,-5.16,999.00,-15.27,999.00,0.00,0.00,2.40,-24.43,-24.42,-25.30,-25.27,7.59,8.13,0.72,0.75,-24.50
1,2020,86.3333,0.60,0.00,14.64,-25.05,-25.03,-26.81,-24.79,85.80,93.30,6.50,7.00,183.40,187.50,777.90,2.36,2.27,999.00,999.00,999.00,-5.76,-6.60,9503.00,-9.16,-5.19,999.00,-15.27,999.00,0.00,0.00,1.60,-24.95,-24.92,-25.26,-25.23,8.06,8.90,0.65,0.69,-25.09
1,2020,86.3333,0.60,0.00,14.64,-25.05,-25.03,-26.81,-24.79,85.80,93.30,6.50,7.00,183.40,187.50,777.90,2.36,2.27,999.00,999.00,999.00,-5.76,-6.60,9503.00,-9.16,-5.19,999.00,-15.27,999.00,0.00,0.00,1.60,-24.95,-24.92,-25.26,-25.23,8.06,8.90,0.65,0.69,-25.09
1,2020,86.3750,2.00,1.44,11.68,-25.13,-25.12,-26.81,-24.85,85.70,93.10,6.00,6.50,176.70,180.80,776.20,2.35,2.27,999.00,999.00,999.00,-5.77,-6.61,9515.00,-9.18,-5.21,999.00,-15.27,999.00,6.00,0.72,3.20,-25.02,-25.00,-25.24,-25.23,7.42,7.89,0.52,0.54,-25.23
